keyword,title,selftext,platform,url,date
Ukraine War,A recovered phone from a fallen Ukrainian soldier shows his heartbreaking google searches.,"He looked up Ukraine-Russia negotiations, will the war end in 2025, will it end this summer, and even searched what world leaders like Trump or Putin were saying - desperate for any hint of peace. He searched the importance of Pokrovsk... meaning he was trying to understand the danger around him in real time. It wasn't doomscrolling. It was a man searching for hope, for clarity, for a future he wasn't sure he'd live to see. submitted by /u/Smooth-Butterfly9136 [link] [comments]",Reddit,https://www.reddit.com/r/ukraine/comments/1p9bla3/a_recovered_phone_from_a_fallen_ukrainian_soldier/,2025-11-29 01:07:09+00:00
Ukraine War,"December 2 is Giving Tuesday. Our guys need a lot, and we want to thank you for all you've done so far. Here's a preview of our Giving Tuesday campaign. Donations open Monday.","Tuesday, December 2 is Giving Tuesday. The situation in Ukraine is grim. russia is pounding Ukraine's power grid in an effot to freeze and starve them into submission, and killing civilians in cities far from the zero line. Frontline teams lack power to keep their communication systems charged. Engineering teams a little further back lack power to keep their printer farms printing. We have a dramatic surge in requests for power systems on top of the usual winter requests for warm gear and car tires, on top of all the requests for year-round needs like vehicles, radios, and medical supplies. We're having to triage requests, which we hate . So we've set a lofty goal of US $20,000. That will go a long way toward fulfilling things like the 17 requests we currently have for power stations for frontline teams. If you shoot for the stars and miss, at least you'll still reach the moon, right? We also want to honor and thank you for your continued support of the war effort. Each donation, no matter the amount, is entry into a raffle for a sculpture wrought by our very own Arcaist from a russian Grad rocket that failed to do any damage to a stabilization point in Toretsk in November 2022. No raffle ticket purchases are required. Your donation is your ticket. We may also be adding some other stuff to that, just because it's fun and we can. Donors of $200 or more will get a keychain made from a .50 cal shell fired by GUR soldiers in the defense of Ukraine. The contributor of the highest donation will receive a painted ballistic plate, which saved a defenders' life before being turned into an art object. You can find our Giving Tuesday page here: https://givebutter.com/UFL_Giving_Tuesday_2025 Donations will open at 12:01 am GMT-5 on Monday, December 1, and close at 11:59 pm GMT-5 on Wednesday, December 3. We'll also be dropping a recap video showing much of the support you've provided this year. Even with only showing each frame for 1.5 seconds, it's like 5 minutes long. You should be proud of that! Giving Tuesday is about spreading generosity and kindness in the world, whether it be a donation to a charity, some form of help for your community, or simply a smile at a stranger. We hope that you'll consider us, and that you'll be on the receiving end of some goodness, yourself. You deserve it, what with all the good you do for Ukraine. submitted by /u/UFL_Robin [link] [comments]",Reddit,https://www.reddit.com/r/ukraine/comments/1p91ikp/december_2_is_giving_tuesday_our_guys_need_a_lot/,2025-11-28 18:00:56+00:00
Ukraine War,Russo-Ukrainian War Armour Loss Tracking & Key Attritional Battles (2025 Overview),"This is new original content made by me. It has been almost half a year since I last analyzed Russian equipment losses. A lot has changed since then! This time I compare them with Ukraine's losses. Hope you enjoy, here's the link: https://youtu.be/Hn4w4d2tosQ?si=qHU-pcZks0QSbeN7 In this video I analyze: Comparing Russian vs. Ukrainian equipment losses YoY Comparing loss ratios of both sides and how they have changed YoY Seasonality of warfare? Any change of fighting in winter vs. summer? What changes we can pull from the Russian equipment loss data in their tactics What were the biggest ""key attritional battles"" of the war What will be the next key battles after Pokrovsk falls If you found the above video interesting, you will likely also enjoy my analysis which looks only at the oil refinery bombing campaign: https://youtu.be/CZ781inb7EU?si=eFY6F6WfvturtI74 As this took a lot of work and time to make, if you liked the content, like and comment on the youtube video and subscribe if you would like to see more. I am a small channel: https://www.youtube.com/@ArtusFilms submitted by /u/Mr_Catman111 [link] [comments]",Reddit,https://www.reddit.com/r/CredibleDefense/comments/1p8zsrj/russoukrainian_war_armour_loss_tracking_key/,2025-11-28 16:54:28+00:00
Ukraine War,Hungary's Orban defies EU partners and meets Putin again in Moscow,"Hungarian Prime Minister Viktor Orban has met President Vladimir Putin in Moscow, days before Russia holds talks on a US push to end the war in Ukraine. Orban is seen as one of Putin's closest allies in Europe and he has consistently angered his Nato and EU allies by undermining solidarity against Russia. ""We are aware of your balanced position on the situation in Ukraine,"" Putin told Orban in remarks carried by Russian state TV. Putin also thanked the Hungarian prime minister for proposing Budapest as a potential venue for a Russia-US summit with President Donald Trump. ""Trump immediately said: ''We have good relations with Hungary, you have good relations with Viktor, and I do too, so I suggest this option.' Of course, we happily agreed,"" Putin said. Plans for a Budapest ""peace summit"" were proposed last month, but it was shelved reportedly because the Russian side had refused to compromise on Putin's maximalist demands for an end to the war. The Hungarian leader's Fidesz party faces parliamentary elections in April and polls suggest that for the first time in 15 years it could be defeated at the ballot box. If he were to host a Trump-Putin summit in Budapest, it could help boost his chances of re-election. Orban, who last visited Moscow in July 2024, has repeatedly challenged EU attempts to end European imports of Russian oil and gas. He billed Friday's visit as the second leg of a strategy to ensure Russian energy supplies this winter, for Slovakia and Serbia as well as Hungary. Earlier this month in Washington, he secured exemption from US sanctions on Russian fuel - but only as long as he remains in power. Ever since Russia's full-scale invasion of Ukraine in 2022, Orban has claimed to have been on the side of peace and told Hungarian state radio last week that ""Europe has decided to go to war in Ukraine"". He has strongly backed Trump's 28-point peace plan to end the war and during frantic diplomacy after it emerged, the Orban government and pro-Orban media have accused EU leaders of ""war-mongering"" for trying to adapt the plan to take account of Ukraine's objections. Joining Orban and Putin in the Kremlin were leading Russian officials, including Putin aide Yuri Ushakov, who is part of Russia's negotiating team with the US. In a letter this week to European Commission President Ursula von der Leyen, the Hungarian leader called for immediate, unconditional peace talks, for the EU to launch direct negotiations with the Kremlin. He stressed his opposition to further EU funds for Ukraine, and rejected the use of frozen Russian assets to fund Ukrainian defence. Now, with little sign of Russian willingness for compromise on Ukraine, Orban is focusing on Russian energy. Deals he struck in Washington to buy US liquefied natural gas (LNG) and start buying US nuclear fuel, mean Hungary will buy less of both from Russia, potentially annoying his Russian hosts. Orban argues that without deals with the US and Russia, heating prices would triple next month. Hungary is under pressure from the EU to end all imports of Russian energy by 2027 and is likely to use any agreement in Moscow to continue to defy Brussels. Hungary currently receives over 80% of its oil and gas, and 100% of its nuclear fuel from Russia, and total Hungarian trade contributes approximately $5bn annually to the Russian budget. A ""deal"" in Moscow does not appear difficult. Like Trump, Putin has made clear he wants Orban to win next April's election, so another diplomatic ""triumph"" for Orban would serve the interests of both sides. At this year's Valdai Forum in Sochi on 29 September, Putin praised Orban personally, and saluted ""nationally-oriented political forces"" gaining ground in Europe. ""If these forces in Europe continue to grow stronger, then Europe will be reborn,"" Putin said. submitted by /u/one-determined-flash [link] [comments]",Reddit,https://www.reddit.com/r/ukraine/comments/1p8xqlk/hungarys_orban_defies_eu_partners_and_meets_putin/,2025-11-28 15:32:52+00:00
Ukraine War,[Venezuela-Usa] How much do you think LATAM (Colombia specially) will involve,"We know what Maduro does to its people, and he is also very hostile towards our countries, i think is a consensus between latam the fastest he goes the better things are gonna be. My take is Colombia is already helping, but there would be no open war for the first year. Argentina Peru could be helping with intelligence. This also evens ukraine war for Russia and China. In spanish news about Maduro threats: https://www.infobae.com/america/colombia/2021/02/17/nueva-amenaza-de-nicolas-maduro-contra-colombia-mando-a-limpiar-canones-y-fusiles/ https://www.clarin.com/mundo/inminente-irrupcion-regimen-nicolas-maduro-embajada-argentina-venezuela_0_m87BmbyMhr.html I am Argentinian, we have a missing military guy that is innocent and they are torturing right now: https://chequeado.com/el-explicador/que-se-sabe-sobre-nahuel-gallo-el-gendarme-argentino-detenido-en-venezuela But i know things are worse to Colombia specially with open wars with venezuelan cartels. Venezuela libre. submitted by /u/BoringConnection5657 [link] [comments]",Reddit,https://www.reddit.com/r/geopolitics/comments/1p8wi4y/venezuelausa_how_much_do_you_think_latam_colombia/,2025-11-28 14:42:08+00:00
Ukraine War,Government confirms the death of Korean volunteer soldier in Ukraine,"The death of a South Korean national who fought against Russia in Ukraine has been confirmed. An official from South Korea’s Ministry of Foreign Affairs said on the 27th that “a funeral was held in Kyiv on the 25th (local time) for a South Korean citizen who died while serving as a volunteer soldier in Ukraine.” A consul from the Korean mission in Ukraine attended the ceremony. The Ukrainian authorities had notified South Korea of the man’s death and the funeral schedule. The government did not disclose the identity of the deceased. However, he is known to be a man in his 50s surnamed Kim, who reportedly died in May during a clash with Russian forces in Donetsk. Earlier, AFP published a photo taken on the 25th showing a Ukrainian soldier kneeling before a coffin draped in the South Korean flag, reporting that Ukrainian troops were paying tribute to the fallen Korean volunteer fighter. Although rumors had circulated—mainly from Russian government sources—that South Koreans had joined the Ukraine war as volunteer fighters and that some had died, the Ministry of Foreign Affairs had maintained that it was still “verifying the facts.” The Foreign Ministry official added that the local embassy is providing necessary consular assistance to the bereaved family. submitted by /u/Freewhale98 [link] [comments]",Reddit,https://www.reddit.com/r/ukraine/comments/1p8trqs/government_confirms_the_death_of_korean_volunteer/,2025-11-28 12:35:28+00:00
Ukraine War,"Just under 9 hours left for a shot at flipping russia the bird while supplying the ones fending them off! Plus patches, chocolates, and more! Proceeds buy defenders power stations, winter tires, & everything else they're clamoring for.","$2 Tuesday A large, beautiful calendar joins two boxes of Ukrainian sweets as the bulky portion of the $2 pack, while two sets of Kharkiv socks (one small, one large each) will keep your feet fully fashionable for the foreseeable future. The best part, though, is a triple pack of patches; one symbolizing the Donetsk Oblast and two Kharkiv military units, the 13th Khartiia Brigade and the 225th Assault Regiment ). $5 ""Idi na khui"" pack This one is very special. The star of the show is obviously the sculpture ""Idi na khui"" - An Artwork by Arcaist. In his own words: This quite vulgar phrase is known very well, since a border guards curse towards a russian Warship threatening to bombard Snake Island. This sculpture was cast out of molten down bullet casings, which Arcaist received from several war theaters, including the Siege of Bachmut, from the Krynky Beachhead, from a training shooting range near Lviv etc. Arcaist named that art project ""Four brothers"", since he created four pieces out of the casings he was given. Check the Making-of Video here ! Two were given to ""Ukraine Aid Ops"", while two remained with Ukraine Front Line. When Arcaist showed his work to an Ukrainian soldier, which was recovering from surgery in Germany at that time, he received the following lines a few days later, along with the request to add this to this item: ""You called us brothers once. But the very next day, you came to our land to pillage, rape and kill. But now matter how often you bomb our cities or burn our fields: We will not break, nor retreat a single step. We don’t fear you! We stand strong against the storm that you unleashed. And when its over, Ukraine will raise from the ashes of war. Strong and beautiful will we claim our place in the world, while your lands will forever be known as the cradle of evil. russia, go fuck yourself!"" Additionally, we are adding a GUR patch, a stained glass ornament and a box of Ukrainian chocolate. Get your tickets here! https://givebutter.com/ldIslr Good luck, and thank you! submitted by /u/UFL_Robin [link] [comments]",Reddit,https://www.reddit.com/r/ukraine/comments/1p8tjuj/just_under_9_hours_left_for_a_shot_at_flipping/,2025-11-28 12:24:00+00:00
Ukraine War,Viktor Orbán to meet Vladimir Putin in Russia to discuss war in Ukraine and energy ties,submitted by /u/ClearlyNotMeAtAll [link] [comments],Reddit,https://www.reddit.com/r/europe/comments/1p8se8l/viktor_orbán_to_meet_vladimir_putin_in_russia_to/,2025-11-28 11:17:35+00:00
Ukraine War,The Talks That Could Have Ended the War in Ukraine,submitted by /u/NARVALhacker69 [link] [comments],Reddit,https://www.reddit.com/r/geopolitics/comments/1p8s4yj/the_talks_that_could_have_ended_the_war_in_ukraine/,2025-11-28 11:01:42+00:00
Ukraine War,“When Ukrainian Forces Withdraw from the Territories They Hold—that Is When Hostilities Will Cease. If They Do Not Withdraw—we Will Achieve It by Military Means.” Putin Made a Series of Statements on How to Resolve the War in Ukraine,submitted by /u/sergeyfomkin [link] [comments],Reddit,https://www.reddit.com/r/europe/comments/1p832d5/when_ukrainian_forces_withdraw_from_the/,2025-11-27 14:07:42+00:00
Ukraine War,"President Zelenskyy says he is ""ready to meet with President Trump"" to discuss Ukraine peace plan: ""There are sensitive points to discuss. We have them still. But we must not lose the sight of reality. Russia's war against us is not in the past. Every day Russia takes Ukrainian lives.""",submitted by /u/ControlCAD [link] [comments],Reddit,https://www.reddit.com/r/internationalpolitics/comments/1p72sim/president_zelenskyy_says_he_is_ready_to_meet_with/,2025-11-26 08:44:33+00:00
Ukraine War,U.S. deports dozens of migrants to Ukraine amid war,submitted by /u/Pyro-Bird [link] [comments],Reddit,https://www.reddit.com/r/news/comments/1p6ud9g/us_deports_dozens_of_migrants_to_ukraine_amid_war/,2025-11-26 01:11:54+00:00
Ukraine War,US to send envoy to Moscow to discuss proposals to end Ukraine war,submitted by /u/Relevant-Box5774 [link] [comments],Reddit,https://www.reddit.com/r/worldnews/comments/1p6s8hg/us_to_send_envoy_to_moscow_to_discuss_proposals/,2025-11-25 23:36:32+00:00
Ukraine War,Ukraine-Russia war: Ukraine calls for Trump-Zelensky meeting in US this week,submitted by /u/Peter55667 [link] [comments],Reddit,https://www.reddit.com/r/worldnews/comments/1p6hd3e/ukrainerussia_war_ukraine_calls_for_trumpzelensky/,2025-11-25 16:43:19+00:00
Ukraine War,"Russia’s Invasion of Ukraine Prompts Debate Over Europe’s Military. With Russia looming, governments race to rebuild armed forces that shrank after the Cold War, grappling with hard issues of economics, politics and military strategy.",submitted by /u/Hot_Preparation4777 [link] [comments],Reddit,https://www.reddit.com/r/europe/comments/1p5tk35/russias_invasion_of_ukraine_prompts_debate_over/,2025-11-24 21:20:50+00:00
Ukraine War,The war will end after Crimea returns to Ukraine - Stefanchuk,submitted by /u/Ok-Somewhere9814 [link] [comments],Reddit,https://www.reddit.com/r/europe/comments/1p5nzyr/the_war_will_end_after_crimea_returns_to_ukraine/,2025-11-24 17:54:34+00:00
Ukraine War,The Murky Plan That Ensures a Future War | Who will benefit from the White House’s 28-point proposal for Ukraine?,submitted by /u/Hrmbee [link] [comments],Reddit,https://www.reddit.com/r/geopolitics/comments/1p5mn4j/the_murky_plan_that_ensures_a_future_war_who_will/,2025-11-24 17:05:55+00:00
Ukraine War,"Ukraine investigating 178,391 war crimes amid talks with US on Trump peace plan",submitted by /u/ClearlyNotMeAtAll [link] [comments],Reddit,https://www.reddit.com/r/europe/comments/1p5l6eu/ukraine_investigating_178391_war_crimes_amid/,2025-11-24 16:13:44+00:00
Ukraine War,"Ukraine says it's investigating over 178,000 war crimes amid Trump peace plan talks",submitted by /u/Disastrous_Award_789 [link] [comments],Reddit,https://www.reddit.com/r/worldnews/comments/1p5l4k2/ukraine_says_its_investigating_over_178000_war/,2025-11-24 16:11:51+00:00
Ukraine War,How Israel’s Army Got It Right: Lessons from Gaza and Lebanon,"This video discusses what went right for Israel during the war, and a follow up discusses what went wrong What went right: Combined arms / battle teams Good coordination between tanks, infantry, etc Fire coordination Airplanes and UAVs support ground troops well Engineering D9 bulldozers and other examples Humanitarian effort Efforts to minimize civilian casualties, deliver humanitarian aid, and move civilians away from fighting Intelligence After Oct 7, Intelligence gave soldiers regular Intelligence and on enemy, and helped units fight Drones Soldiers bought commercial drones off the shelf and integrated them into combat themselves. Apparently the drone that the drone used to killed Yaya Sinwar was donated by some Orthodox Jews in Teaneck, New Jersey. Also Ukranian Jews who fought in Ukraine helped inform drone policies. Information war. Communication to home front was effective Communications Communications between units generally effective. Ad hoc communication between soldiers via WhatsApp etc Training. Units got new training in lessons and operations through the war Logistics. Food. Donations of food by civilians Professionalism and willingness to serve Medical care was exceptional, details given on treatment to soldiers submitted by /u/abc9hkpud [link] [comments]",Reddit,https://www.reddit.com/r/Israel/comments/1p5bghb/how_israels_army_got_it_right_lessons_from_gaza/,2025-11-24 08:10:30+00:00
Ukraine War,"US, Ukraine and European officials hold Geneva talks on Trump plan to end war",submitted by /u/hard2resist [link] [comments],Reddit,https://www.reddit.com/r/worldnews/comments/1p4klg5/us_ukraine_and_european_officials_hold_geneva/,2025-11-23 11:35:29+00:00
Ukraine War,Europe scrambles to counter Donald Trump's plan to end Russia's war against Ukraine,submitted by /u/DonSalaam [link] [comments],Reddit,https://www.reddit.com/r/internationalpolitics/comments/1p3ypjj/europe_scrambles_to_counter_donald_trumps_plan_to/,2025-11-22 17:19:14+00:00
Ukraine War,Canada joins world leaders saying Trump’s plan to end war in Ukraine needs 'additional work',submitted by /u/Puginator [link] [comments],Reddit,https://www.reddit.com/r/worldnews/comments/1p3vmxv/canada_joins_world_leaders_saying_trumps_plan_to/,2025-11-22 15:14:36+00:00
Gaza Conflict,LIVE: Israel attacks Gaza as large-scale recovery of bodies set to begin | Israel-Palestine conflict News,"According to the latest live updates from Al Jazeera, Israeli forces have carried out intensive air and artillery strikes on several locations in the Gaza Strip, including eastern Rafah, near Khan Younis, and in the Tuffah neighborhood of Deir el-Balah and Gaza City. At the same time, following calls from Palestinian civil defense and the Red Cross, a large-scale search for bodies and investigation is now underway in the vicinity of the Maghazi refugee camp. At submitted by /u/CommissionOrganic350 [link] [comments]",Reddit,https://www.reddit.com/r/Palestine/comments/1p3okjf/live_israel_attacks_gaza_as_largescale_recovery/,2025-11-22 08:55:25+00:00
Ukraine War,Witkoff needs a psychiatrist’: Europeans fume at Trump’s plan to profit from frozen Russian assets,"For months European Union officials have been trying — and failing — to work out a way to use around €140 billion of immobilized Russian state assets held largely in Belgium to support Kyiv’s war effort. The cash is desperately needed as Ukraine is at risk of running out of money early next year. But the United States’ new 28-point blueprint for a ceasefire includes a rival idea for using those same assets for American-led reconstruction efforts once a truce has been agreed. The U.S. would take “50 percent” of the profit from this activity, the document said. The full text of the 28 points make plain that the Trump administration has designs on the frozen funds, with $100 billion to “be invested in U.S.-led efforts for Ukraine’s reconstruction and investment,” the document said. “The United States will receive 50% of the profit from this activity. Europe will add another $100 billion to increase total investment available for Ukraine’s recovery. Frozen European-held Russian funds will be unfrozen.” The rest of the frozen Russian assets will be invested in “a separate U.S.–Russia investment instrument, to be used for joint American–Russian investment projects in sectors strengthening global stability and mutual economic interests.” submitted by /u/Any-Original-6113 [link] [comments]",Reddit,https://www.reddit.com/r/geopolitics/comments/1p3nkfh/witkoff_needs_a_psychiatrist_europeans_fume_at/,2025-11-22 07:50:23+00:00
Ukraine War,"Ukraine faces losing dignity or US support with Trump’s plan to end war, Zelensky says",submitted by /u/cnn [link] [comments],Reddit,https://www.reddit.com/r/geopolitics/comments/1p32pkw/ukraine_faces_losing_dignity_or_us_support_with/,2025-11-21 16:12:02+00:00
Gaza Conflict,Israel’s war on Gaza live: Hamas says UN resolution does not meet demands,https://www.facebook.com/share/1FRzfur5N7/ submitted by /u/QuranTutor_Muhamad [link] [comments],Reddit,https://www.reddit.com/r/Palestine/comments/1p0e4mx/israels_war_on_gaza_live_hamas_says_un_resolution/,2025-11-18 14:59:40+00:00
Gaza Conflict,"Hamas rejects UN Gaza resolution, says international force would become party to conflict",submitted by /u/theagentK1 [link] [comments],Reddit,https://www.reddit.com/r/geopolitics/comments/1p01v9q/hamas_rejects_un_gaza_resolution_says/,2025-11-18 03:52:25+00:00
Gaza Conflict,UNSC Adopts Resolution 2803- authorizes Gaza ISF in line with Trump's 20 point plan,"Link to resolution from UNSC site (document not yet posted as of 4:06pm PST) ) #Key points: Second phase (planned): ISF details: #From United Nations: (not copyrighted text) Background The BoP and the ISF were first outlined in the “ Comprehensive Plan to End the Gaza Conflict ” (also known as the “20-point plan”) that US President Donald Trump announced in late September. The first phase of the plan, which Israel and Hamas agreed to on 8 October, established the current ceasefire in Gaza and called for Hamas to release the remaining hostages that it was holding in exchange for the release of Palestinian detainees, a partial withdrawal of the Israel Defense Forces (IDF) from Gaza, and an increase in humanitarian aid into the territory. At the time of writing, Hamas had released all living hostages and the remains of most deceased ones, while Israel had released Palestinian detainees at an agreed ratio and re-deployed to an initial withdrawal line . The ceasefire remains fragile, however, as both sides have accused the other of violating the terms of the agreement and humanitarian aid delivery, while increasing, is still subject to Israeli restrictions. Under the Comprehensive Plan, the parties are to advance from the completion of the first stage to a second stage that calls for the decommissioning of Hamas’ weapons; the further withdrawal of the IDF, which will progressively hand over security responsibility for Gaza to the ISF; and the establishment of an interim technocratic government in Gaza comprising Palestinian and international experts under the oversight of the BoP, which will be chaired by Trump. This body is to eventually cede control of Gaza to a reformed Palestinian Authority (PA), at which point “the conditions may finally be in place for a credible pathway to Palestinian self-determination and statehood”. According to media reports , the US aims to deploy the first contingents of the ISF by January 2026, envisioning a peace enforcement mission—rather than a peacekeeping presence—with a total troop size of approximately 20,000 . The US is apparently in talks with several countries including Azerbaijan, Egypt, Indonesia , Qatar, and Türkiye about contributing personnel to the force, which would not be a UN operation. These countries have reportedly conveyed the need for a Security Council mandate for the ISF to allow them to contribute troops, although some potential backers have expressed reservations concerning the terms and legal foundation of the force even if formally authorised by the Council. Meanwhile, the status of negotiations on several other provisions of the second phase of the Comprehensive Plan—which include demands that both Hamas and Israel have publicly rejected in the past—were unclear at the time of writing. submitted by /u/knoturlawyer [link] [comments]",Reddit,https://www.reddit.com/r/Israel/comments/1ozx01g/unsc_adopts_resolution_2803_authorizes_gaza_isf/,2025-11-18 00:10:03+00:00
Gaza Conflict,"Hamas rejects UN Gaza resolution, says international force would become party to conflict",submitted by /u/barsik_ [link] [comments],Reddit,https://www.reddit.com/r/worldnews/comments/1ozv87x/hamas_rejects_un_gaza_resolution_says/,2025-11-17 22:56:11+00:00
Gaza Conflict,A New Path to Middle East Security: How American Commitments in the Gulf Can Rebuild the Regional Order,"[SS from essay by James F. Jeffrey, Philip Solondz Distinguished Fellow at the Washington Institute for Near East Policy. He served as a Foreign Service Officer in seven U.S. administrations. From 2018 to 2020, he was Special Representative for Syria Engagement and Special Envoy to the Global Coalition to Defeat ISIS; and Elizabeth Dent , Nathan and Esther K. Wagner Senior Fellow at the Washington Institute for Near East Policy. She previously served as Director for the Gulf and Arabian Peninsula in the Office of the Secretary of Defense.] On September 9, Israel shocked the world by bombing a villa in a residential neighborhood of Doha in an attempt to kill senior Hamas officials. It was the second time Qatar was struck this year. (In June, Iran launched missiles at a U.S. air base in the emirate in retaliation for U.S.-Israeli strikes on Iran). As an important U.S. ally and a key conflict mediator, Qatar has generally been considered off-limits to the region’s belligerents. Moreover, Qatar has hosted Hamas leaders for years, with tacit American and Israeli approval, as part of its mediating role; the targeted officials were, in fact, negotiating, through Qatari channels, a potential hostage and cease-fire agreement for Gaza. If the strikes had resulted in more casualties or damage to Qatar, it might have destabilized the whole region, expanding the war to the Gulf and likely destroying any near-term prospects for a cease-fire. Israel’s strike on Qatar was not successful, and this didn’t happen. But the attack did inadvertently achieve something equally consequential: it opened the door to what could be one of the most important shifts in U.S. Middle East policy in decades. Not only was U.S. President Donald Trump sufficiently angered that he pressured Israeli Prime Minister Benjamin Netanyahu into agreeing to a cease-fire in Gaza. He also took the unprecedented step of issuing an executive order to reaffirm Washington’s commitment to its Gulf ally, asserting that an armed attack against Qatar will be considered “a threat to the peace and security of the United States.” This full-throated assurance of U.S. support is likely to set a new benchmark for security relationships between the Gulf countries and the United States. submitted by /u/ForeignAffairsMag [link] [comments]",Reddit,https://www.reddit.com/r/geopolitics/comments/1ox1buo/a_new_path_to_middle_east_security_how_american/,2025-11-14 16:34:17+00:00
Gaza Conflict,America’s Quasi Alliances: How Washington Should Manage Its Most Complicated Relationships,"[SS from essay by Rebecca Lissner, Senior Fellow for U.S. Foreign Policy at the Council on Foreign Relations. She was Deputy Assistant to the President and Principal Deputy National Security Adviser to the Vice President during the Biden administration.] During his successful 2024 U.S. presidential campaign, Donald Trump assured voters that he would end the wars in Ukraine and Gaza, perhaps even before taking office. But both conflicts dragged on at great human cost, and diplomacy proceeded only in fits and starts. Nine months into his presidency, Trump finally brokered a cease-fire between Israel and Hamas—but only after presiding over the breakdown of the truce he inherited from President Joe Biden and an escalating humanitarian crisis in Gaza. The war in Ukraine, meanwhile, continues unabated. These challenges are not unique to Trump ; they bedeviled Biden, too. Indeed, the difficulty of bringing both wars to an end illustrates the strategic dilemmas facing the United States in managing a small but critical subset of its partners: so-called quasi allies. Quasi allies—which, since the end of World War II, the United States has cultivated as it has built its alliance system—are more than partners but less than treaty allies. They have special status in Washington, but they lack the feature of an alliance that matters most: a formal U.S. security guarantee. submitted by /u/ForeignAffairsMag [link] [comments]",Reddit,https://www.reddit.com/r/geopolitics/comments/1ox149g/americas_quasi_alliances_how_washington_should/,2025-11-14 16:26:47+00:00
Gaza Conflict,US knew Israeli officials discussed use of human shields in Gaza: Report | Israel-Palestine conflict News,"American intelligence has learned that Israeli military leaders discussed the possibility of using civilians or prisoners as human shields in the Gaza Strip tunnel system. According to the report, the information was also passed on to the White House and the US intelligence community. The Israeli army has issued a statement saying that the use of civilians in this way is prohibited and that investigations have been launched into suspicious cases. submitted by /u/CommissionOrganic350 [link] [comments]",Reddit,https://www.reddit.com/r/Palestine/comments/1ovwts4/us_knew_israeli_officials_discussed_use_of_human/,2025-11-13 09:34:58+00:00
Ukraine War,Europe's Drone Defence Is Failing,"Hi all, last time I posted here I got some great feedback so I wanted to share my latest analysis. It looks at how recent drone incursions over European restricted zones (military bases, airports, nuclear plants) expose deeper weaknesses in Europe’s counter-drone defenses, taking Belgium as a specific example. I explore why current jamming and interception methods fail, what lessons can be drawn from Ukraine’s experience, and how civilian vulnerabilities (large events, infrastructure) could become the next front line. Would love your critical thoughts, especially on where European militaries or policymakers should focus next. Introduction On the second of November, three quadcopter drones were spotted above the military base in Kleine Brogel, Belgium. This was the third incident at that base in a short time (Edit: A fourth incident happened under 24 hours later ). For reference, this is where the Belgian 10th Tactical Wing is stationed, together with B61 nuclear weapons. In other words, a base you would expect to be guarded exceptionally well, so that your nuclear response isn’t grounded because your jets are burning husks. Drone jammers were used to attempt to take down the drones, but were unsuccessful. A manhunt by police (including a helicopter) was unable to locate the operator(s). Three large drones flew over a major military airbase and the drones and operators escaped. This fits into a pattern of drone incursions on Europe. Similar drone flights have disrupted among others German, Danish, Norwegian and Polish civilian and military airports. Many officials suspect Russian involvement, and have been scrambling to respond . The frequency of these events (over six in Belgium alone within days) shows European forces may be being tested in “ Phase Zero ” provocations (ostensibly to gather intelligence or sow confusion). Map showing potential “Phase zero” operations in Europe. Airspace violations not on the Russian border include drones flying over restricted air zones (over airports, military bases). Source: Institute for the Study of War In short, these incidents reveal a critical vulnerability that European security forces are unprepared for. Ukraine has developed effective counter-drone tactics through necessity. Europe has been given the chance to adapt before learning the hard way. So, drone provocations have become something of a regularity in Europe. And European law enforcement and militaries have discovered what Russia and Ukraine have known for years by now: they’re quite hard to counter. Recently, there has been a lot of publicity about the acquisition of anti-drone countermeasures by various EU countries (this includes drone guns to jam or shoot them down, but also anti-drone nets ). However, these measures are a) too little and b) often ineffective. This article will dissect why European defenses are failing by mapping the detection bottleneck that cripples every countermeasure, examining why jamming and kinetic options are necessary but insufficient, and analyzing the threat landscape from Russian “Phase Zero” probing to jihadist technology transfer. It will then outline a tiered response: immediate adoption of Ukrainian mass-detection systems and interceptor drones; medium-term integration of directed-energy weapons; and long-term legal frameworks that balance security with civil liberties. The central argument is that prevention through intelligence and early warning is the only reliable layer, but requires political will to implement before the proven tactics of Ukraine’s battlefield become Europe’s civilian nightmare. Why current defenses fail The critical gap: detection Detection is the bottleneck for all countermeasures: you cannot shoot down what you cannot see. Hence the focus on for example stealth in fighter jets in the past 50 years. Drones are small and can fly very low, making them even harder to detect. Traditional radar systems often confuse drones with birds, if they detect them at all. Handheld RF scanners could provide a crucial extra few seconds of warning, but “seconds” is the operative word here. Madyar’s Birds, a Ukrainian drone brigade, claim to have created a mobile radar system that can detect drones accurately , but with a range of only 3-4 km (Important note: this is field-reported, not lab-tested). A system like this would have to be integrated with other sensors, potentially modeled after Ukraine’s Sky Fortress and Zvook systems (low-cost acoustic sensors that distinguish drone from background noise; made at a low cost), as well as dedicated drone detectors . Detection complexity extends beyond simply spotting objects in the sky. Modern airspace is crowded: hobby drones, commercial delivery drones, news helicopters, emergency services, and migratory birds all trigger sensors. False positives are inevitable, and over-reaction could ground legitimate operations or waste resources on non-threats. The solution lies in layered identification. First, establish temporary no-fly zones around high-risk events (festivals, stadiums, state visits) with advance notice to legitimate operators. Second, integrate detection systems with civilian drone registration databases and real-time flight plan sharing, similar to aircraft transponders. Luckily, the EU already requires Remote-ID for new-class drones ≥ 250 g (and most camera drones) since 1 Jan 2024; the Commission simply hasto accelerate the timeline and plug the feed into national C-UAS fusion cells. Finally, employ machine learning: Sky Fortress claims a 0% false-positive rate (although there is a debate about sensitivity vs specificity here) after adaptations. However, in an urban environment false positive rates will probably remain significant enough that kinetic responses require human-in-the-loop verification: automated detection, human authorization. The Kleine Brogel incident demonstrates the inverse problem: even with detection, human decision-makers hesitated or lacked authority to respond in time. The system must be both smart enough to filter noise and fast enough to act on genuine threats. Drone jamming Put very simply, jammers send out powerful electromagnetic signals on specific frequency bands that can cause a target drone to fall to the ground, veer off course, hover in place or turn around and attack its operator . The principle is to overpower the radio signal between drone and operator by broadcasting on the same frequencies at much higher power. A disadvantage of so-called drone gun jammers currently employed by police are limitations in power and range. Unlike jammers that block signals, spoofers feed false but believable signals (for example, fake GPS data) so receivers continue to operate, but with the wrong information. In the Ukraine war, a few countermeasures to jamming have already been developed such as frequency hopping , AI terminal guidance , GPS waypoint programming and of course fiber optic cable. But that is all besides the most apparent issue: jamming on a battlefield is all well and good, but how do you jam around a military base that is close to civilian infrastructure? Or worse, a civilian event? The combination of high-powered jammers and GPS spoofers (to throw off waypoint programming) causes phone maps to glitch, geolocation services to fail, and car GPS systems to malfunction, even if civilian events had dedicated counter-drone jammers. Also, spoofed drones may impact in civilian areas, even if thrown off course. So jamming is not a catch-all solution and can be circumvented by a dedicated adversary. Jamming countermeasures have been developed and are relatively cheap to implement (a terminal guidance AI chip apparently costs around $500). It might be fitting to compare jamming to a padlock: it will be broken if someone tries hard enough, but it makes it a lot more difficult for anyone that is not equipped for it. Let’s say a drone is unaffected by our jamming and the threat must be neutralized in a different manner: the next countermeasure is kinetic. Taking down a drone How does one take down a drone? Broadly there are two schools of thought: take it down from the air (using net launcher drones or FPV interceptors, or eagles ) or take it down from the ground (using shotguns or other conventional firearms, or MANPADS and SPAAGs) The last category is not the most practical in populated areas due to falling debris (bullets from an assault rifle can fly up to 3km). This video pits a world champion shotgun shooter against UAVs, and he has to take five shots to clip one in broad daylight. However, they should not be dismissed as a final line of defense: it is better to risk falling debris than to have a guaranteed impact on a crowd. Recent (proposed) law changes in Germany support this view, allowing police to shoot down drones in “acute threat or serious harm” situations. Additionally, net shooting guns could be used to avoid the falling debris issues. Unconventional solutions like the Dutch police’s eagle training program proved impractical at scale and have been abandoned. So that leaves immobilising the drone with nets or ramming it. AI systems can take over the actual net throwing/ramming part, which lowers the skill floor for operators. This is a great solution, which has seen battlefield success . However, it requires the timely detection of the offending drone and/or 24/7 patrols (until fully automated systems are adopted it will be great practice for personnel). Not to mention actually having and deploying these types of drones. Especially timely detection is a major issue that requires a lot of implementations as discussed earlier: early warning detection, pre-positioned sensors along threat corridors, integration with other systems (such as existing air defence networks). So again, a piece of the puzzle, but not the whole picture if a consistent defense is needed. It seems prudent to discuss cost-effectiveness here. For example, a Stinger missile costing around $120,000 (at the lowest estimate) is not a good trade against a $500 drone. However, we are not discussing defending against nightly drone swarms à la Ukraine war, so solutions do not have to be cost-effective, just functional. But the cost does introduce a hurdle: rolling out these systems en masse to protect the many soft targets in a country would be prohibitively costly. So, while cost is not the primary concern, it is still a factor. Especially when there are promising future technologies on the horizon. I would like to highlight systems that are currently under development based on lasers and microwaves as I believe they have great potential for counter-UAV purposes. However, keep in mind they’re years away still. The UK tested a prototype of their DragonFire laser system last year, apparently succesfully. It checks a lot of boxes: it is fast, cheap, accurate. However, DragonFire will be mounted on ships starting only in mid-2027, so maybe not as portable as one would like, and it is line-of-sight, so might be limited by terrain if deployed on land. And, importantly, not yet produced at scale, especially for less-military purposes. Its Turkish, Israeli and U.S. competitors also suffer from the not-yet-produced problem, although apparently an offshoot of the Israeli Iron Beam was used in October 2024 to intercept Hezbollah drones . The same things can be said about systems like the Leonidas , which uses focused high-power microwave beams to disable UAVs. They’re really cool, probably will be great in the future, but they’re not here right now. In the future, these technologies could be key parts of anti drone defense, but right now, they’re just cool proof of concepts. But even these promising technologies face the same fundamental limitation: they require early detection to function. Lasers need line-of-sight tracking. Microwave systems need targets within range. All the countermeasures discussed above share one critical dependency: detecting the threat early enough to respond. The Kleine Brogel incident demonstrates this failure chain: the base presumably had detection systems, yet three drones penetrated anyway. For civilian venues without any dedicated detection infrastructure, the problem is exponentially worse. No amount of interceptor drones, shotguns, or future directed-energy weapons can stop a threat you don’t see coming. Prevention - the only reliable layer In order to beat an adversary that continues to evade detection, intelligence services must shift from reactive to proactive postures. The usual approach would be monitoring online forums and tracking unusual procurement patterns (someone buying multiple drones, thermal cameras, and fertilizer isn’t planning a hobby). Belgian security services presumably are doing these things, and they have been relatively successful in stopping previous drone attacks . However, the failure to locate these perpetrators demonstrates that current intelligence gathering is insufficient. Threat assessment needs to map not just where drones could fly, but who wants them to fly there, and why. This is where the proactive stance comes in. Many European politicians are convinced Russia is behind the flyovers: if they are, they are likely using chat channels to recruit people . Other intelligence services have found success in infiltrating them, sometimes even posing as operatives. Additionally, creating a pattern-of-life database for suspect (not registered civilian!) drone operators, similar to how counterterrorism units track other threats, could flag suspicious behavior before an attack. However, infiltration is time-consuming and risky; and identifying the suspects will still be hard. It won’t scale to every Telegram channel. Legal frameworks remain murky and inadequate. Does local police have authority to jam signals near an airport? Can military forces engage a drone over civilian airspace? What about shooting down a drone hovering above a festival: who takes that decision, and who bears liability if something goes wrong? What about non-kinetic interdiction? European nations have piecemeal regulations, and cross-border cooperation is hampered by differing laws. Another question: if we do deploy acoustic-based sensors, we are essentially putting always-on microphones in urban areas. Privacy nightmare? After Kleine Brogel, Belgian politicians (akin to those in other countries following similar incidents) scrambled to grant more powers, but this ad-hoc approach creates confusion. We need standardized, pre-approved rules of engagement before the next incident, not after. Yet prevention alone is insufficient because perfect security is a fantasy. No intelligence service catches every threat, no legal framework deters every actor, and no surveillance system monitors every square meter. This layer is essential: it reduces the threat volume dramatically, but it cannot be the only layer. The drones that slip through represent the failure case that kinetic and detection systems must address. Defense in depth is mandatory, not optional. Here we hit the civil liberties tension. Expanded surveillance powers risk function creep: today we’re monitoring flying drones, tomorrow it’s political activists. GPS tracking and online surveillance (all justifiable for counter-drone purposes) can easily be repurposed. European democracies must grapple with this now, not after systems are entrenched. Transparency about data retention, judicial oversight, and strict purpose limitation are non-negotiable if these measures are to maintain public trust. Security and liberty aren’t zero-sum, but finding the balance requires deliberate design, not reactive panic. Threat landscape The same tactics that succeeded at a heavily guarded military installation would be devastating at a softer target: a sporting event, festival, or crowded public square. Consider this scenario: a major music festival, with tens of thousands of attendees in a concentrated area. Multiple drones carrying explosive payloads fly over during peak attendance. The same defenses that failed at Kleine Brogel and elsewhere would face an even more challenging environment: civilian crowds, legal constraints on countermeasures, and the chaos of a mass event. Considering an international manhunt failed to locate a (stationary) fugitive in the nearby Hoge Kempen national park for over a month , the perpetrators might even get away, leading to further fear and unrest. There are multiple actors who have the means and the motivation to perpetrate an attack. Of course, these are hypothetical. The current pattern aligns with documented Russian operational methods. Western intelligence services have publicly attributed similar infrastructure sabotage to Russian operations: undersea cable cutting, ammunition depot fires, cargo plane arson attempts. The Kleine Brogel incidents (and similar ones in Germany, Denmark, Norway, Poland) could be Phase Zero probing, not random. They’re testing radar coverage, measuring response times, recruiting participants and proving that European air defenses can be penetrated at will. These demonstrate coordination, technical sophistication, and complete lack of attribution that suggests state-level capabilities. The strategic logic is clear: these incursions map vulnerabilities that would be exploited during a Baltic crisis or during 2028’s US election chaos. Together with disinformation campaigns (which I wrote about extensively in a previous post) , they are intended to paralyse potential European responses. The pattern is unmistakable: systematic probing by state-level actors with significant resources and operational security. Or, from another point of view: terrorist organizations have already proven the concept in the Middle East (the original testing ground for weaponized FPV drones). ISIS and other groups pioneered tactics that are now open-source knowledge. Mali’s resurgent Islamic groups, freed from French counterterrorism forces, have both the technical expertise from Syrian battlefields and the motive to strike Western targets. The barrier to entry is minimal: a commercial drone, basic explosives, and firmware tweaks anyone can download. The same tactics that worked against military convoys in Mosul would devastate a festival crowd in Brussels. The precedent is set; the technology is proliferating; the only missing ingredient is intent, and that’s never in short supply among extremist groups. The threat is accelerating because drones follow the same cost curve as smartphones. A capable FPV drone cost thousands five years ago; now it’s hundreds. AI-enabled flight controllers, autonomous navigation chips, and counter-jamming software are GitHub repositories, not proprietary military secrets. Terminal guidance AI chips cost around $500 (on Alibaba, so not the high-end stuff); pocket change for a determined actor. This democratization means capability no longer requires state sponsorship. A lone wolf with technical skill can replicate tactics that once needed massive R&D budgets. That isn’t to say anyone can just take a drone and use it for bad: our current drone defenses do stop that. They just won’t stop a dedicated adversary. The gap between technological innovation and regulatory response widens daily, and we’re not winning that race. So far, I’ve discussed the simple case of a suicide bomber drone. It would be naïve to think this is the only scenario. A write-up by L3 ASA for the UK parliament discusses far more insidious options: crop-dusting drones could spread chemical or biological agents over festival crowds (or just white powder to cause panic and stampedes). Drones can hover outside buildings to hack Wi-Fi networks, or reach air duct vents to release toxins into A/C systems. Each vector exploits the same core vulnerability: drones reach places humans cannot, and current security models still assume threats come from ground level. What must be done Within a year, we should be copying what Ukraine has already proven works: low-cost, mass-deployable detection systems like their Sky Fortress and Zvook acoustic networks. The first step is throwing money at Ukrainian companies producing interceptor drones (battle-tested, in production, available today ) and acquiring them for domestic security. While Ukraine’s systems are optimized for military targets, the underlying detection and interception technologies are platform-agnostic and can be adapted for civilian security with appropriate rules of engagement. Create independent drone hunter units trained by Ukrainian experts who’ve refined these tactics under fire. Recruit civilian drone pilots as red teams for penetration testing, just like cybersecurity experts probe IT systems. And acquire mobile, advanced jamming equipment (not just handheld “drone guns”) that can blanket an area and actually disrupt modern navigation systems at scale. These are operational now, as a stopgap or a more permanent solution. In the medium term (2-3 years), we need standardized EU-wide legal authorities for domestic drone interdiction: who can shoot, when, and under what rules of engagement. Create intelligence sharing protocols between member states (the Kleine Brogel operators likely crossed borders), and establish international agreements for prosecuting cross-border drone operations. But here’s the civil liberties catch: these frameworks must have judicial oversight, strict data retention limits, and transparent purpose limitations. Europeans won’t accept surveillance creep, and rightly so. The legal architecture needs to be designed before the next crisis, not rushed through in panic afterward. To prevent disaster and for the good of democracy. On a longer time scale (5+ years), directed-energy weapons like DragonFire lasers and Leonidas microwave systems are genuinely promising: they’re fast, cheap per shot, and accurate. But DragonFire won’t be on ships until mid-2027, and line-of-sight limitations mean terrestrial deployments face terrain challenges. These are long-term solutions, not tomorrow’s answer. In the interim, we need to integrate detection systems with existing air defense networks, fully automate interceptor drones, and develop vehicle-mounted jamming platforms that can actually cover an airport or base perimeter. The goal is a tiered, automated response that doesn’t require 24/7 human staring at screens. Ukraine spends billions on drone defense because the alternative is annihilation. Europe spends millions on preparation because we think the threat is theoretical. This calculus is catastrophically wrong. One successful attack on a major event could cost billions in direct damages, economic disruption, and security fallout; far exceeding decades of prevention spending. It’s the insurance model: you pay for fire alarms even if the building never burns, because the cost of one fire dwarfs a thousand alarms. Funding should come from reallocation of existing defense budgets toward this clear and present threat. For example, Belgium’s €50M jammer-gun order should be redirected to Ukrainian-derived detection networks and interceptor drones; jammer guns have already shown critical weaknesses. Kleine Brogel proved vulnerability; Ukraine proves technology works. The window to prepare is still open, but it’s closing. Invest now or pay catastrophically later; the choice really is that stark. Conclusion The recent drone overflights have proved the vulnerability in the most unambiguous terms: multiple drones, military responses, and the attackers escaped cleanly. Ukraine proves the technology to stop this exists: right now, battle-tested under fire, and mass-producible for a fraction of traditional defense costs. We have a brief window of opportunity before the tactics that penetrated military installations are turned on festival crowds and city centers. The choice is stark: invest millions in proven countermeasures today, or pay billions tomorrow in lives lost, economic paralysis, and shattered public confidence. This demands action from three fronts immediately: policymakers must cut procurement red tape and harmonize legal frameworks across the EU; defense industry must continue prioritising scaling affordable detection and interception systems over bespoke high-tech showcases; and public awareness must shift from viewing drones as harmless hobby toys to recognizing them as a civil security emergency. The infrastructure exists. The knowledge exists. The only missing ingredient is the will to act before the window slams shut. Thanks for reading! This was originally posted on my Substack . submitted by /u/Eevalideer [link] [comments]",Reddit,https://www.reddit.com/r/CredibleDefense/comments/1ovwod5/europes_drone_defence_is_failing/,2025-11-13 09:24:51+00:00
Gaza Conflict,Israeli forces kill three in Gaza as settlers attack in occupied West Bank | Israel-Palestine conflict News,"Israeli forces have killed at least three people in the Gaza Strip in the past 24 hours, Palestinian authorities said. Al Jazeera Meanwhile, Israeli settlers attacked several Palestinian villages in the occupied West Bank, setting fire to vehicles and agricultural equipment and injuring four Palestinians. submitted by /u/CommissionOrganic350 [link] [comments]",Reddit,https://www.reddit.com/r/Palestine/comments/1ouoxif/israeli_forces_kill_three_in_gaza_as_settlers/,2025-11-11 23:19:21+00:00
Gaza Conflict,Two Years of Silence: The Troubling Yet Unvoiced Phenomenon Driving Israel-Hamas War Rhetoric,"Two years of war between Israel and Hamas has ignited intense polarization in global politics. While the resulting controversies have dominated social media and the news, an important aspect of these discussions has escaped scrutiny—a phenomenon that has been alluded to in certain circumstances, but never generalized into an overall pattern. In the following essay, I seek to identify this pattern in the context of the Israel-Hamas war. For two years, following their October 7th attacks, Hamas and its allies in Gaza have played an indisputable role in the war: Hamas started the war, bringing it and the hostages to Gaza; Hamas embedded its fighters within the civilian population, fighting from within and below densely populated civilian infrastructure—in locations like homes, hospitals, shelters, and schools; Hamas has played a clear role in the continuation of the war itself—after all, at any time, they could have returned the hostages and agreed to Israeli terms of ceasefire, or surrender. Frequently, however, from social media and activist organizations to world politicians and the UN, the immense suffering of Palestinians throughout Gaza is decried with the following language. Israel is displacing Palestinians. Israel is starving Gaza. Israel is destroying Gaza. Israel bombs children. Israel has killed [certain number] of Palestinians. Israel is killing their own hostages. Again and again, despite its certain role in the war and resulting Palestinian suffering, Hamas has been dismissed, omitted, from such discussion—almost as if, after October 7th, it does not exist. “7 October marks a day of mourning for the Israelis whose loved ones were killed and abducted and for thousands who continue to be displaced ever since the heinous attacks by Hamas and other armed groups…7 October also marks a year since the start of the horrifying Israeli forces’ onslaught in Gaza that has killed tens of thousands, forcibly displaced 90% of the population and triggered an unprecedented humanitarian catastrophe, placing Palestinians in Gaza at risk of genocide, as stated by the ICJ.” (Amnesty International Secretary General, Agnès Callamard, October 7, 2024) And sometimes, even in discussions surrounding October 7th, Hamas escapes responsibility. The attacks are blamed on Israel… “We, the undersigned student organizations, hold the Israeli regime entirely responsible for all unfolding violence.” (Various Harvard student groups, October 8th) …or, similar to as in Gaza, Hamas is left out entirely. The first UN general assembly resolution passed after October 7th, adopted on October 27th, 2023, which, despite mentioning Israel, failed to mention Hamas, and failed to get the 2/3 majority needed to pass a Canadian amendment to ""unequivocally reject and condemn” Hamas for the attacks. The result? With no mention of Hamas (and sometimes, a certain infantilization of the group when it is mentioned) Israel is accorded total responsibility for the war—and Hamas, none. From this perspective, it is not difficult to see why Israel’s entire campaign might be seen as one of extermination—for if Hamas has no responsibility for the continuation or initiation of the war, for the death toll, for holding the hostages, and for the promise of future aggression and terror against Israel, then isn’t the suffering of the people of Gaza not the consequence of a war between two parties but an arbitrary choice by Israel? How, from that perspective, could any and all of the devastation not be considered genocide? Genocide. This is the point in which Hamas reappears—stripped of responsibility for the results of the war, their actions, and sometimes October 7th, Hamas is no longer an Islamist terrorist organization and everything that represents. They become something else entirely: protectors of the Palestinian people. .…… Thus, too often, rhetoric surrounding the Israel-Hamas war denies agency to Hamas by ignoring Hamas or diverting blame for the consequences of its actions to Israel, holding Israel solely responsible for the war, the resulting suffering, and/or Hamas’s terrorism itself. I call this phenomenon terrorist denialism. Terrorist denialism can be generally defined as the denial of agency to terrorists for unlawful acts or strategies typical of terror groups. Such acts or strategies are intended to inflict violence upon, intimidate, or endanger persons, especially civilians, to further political aims. Agnès Callamard’s statement prominently exemplifies terrorist denialism: after October 7th, Hamas vanishes, and Israel is held solely responsible for the devastation of Gaza—suggesting a false equivalence between Hamas and Israel’s culpability in the ravages of October 7th and the ravages of the Israel-Hamas war respectively. NYC mayoral candidate Zohran Mamdani exemplifies a common form of terrorist denialism—via omission—failing, in his very first reaction to the conflict on October 8th, to even mention Hamas. Terrorist denialism is not just a distortion of reality. When the decrying of war and Palestinian suffering becomes synonymous with the sole condemnation of Israel, Hamas triumphs. As the aggressor and a belligerent, it is relieved of all responsibility—it is afforded a mandate to keep its arms, to conduct future terror attacks, to continue fighting a futile war in which the only possible achievement is not material victory, but carnage, carnage to be broadcasted around the world—first, of hundreds of Israelis, then, tens of thousands of Palestinians. Politically, terrorist denialism (in the context of the Israel-Hamas war) facilitates heightened enmity of anyone who supports Israel’s right to defend itself and ensure the security of their people from attack, extending onto them the presumption that Israel’s sole objective in the conflict is to inflict suffering onto Palestinians. Terrorist denialism, in Israel’s context, also has implications for relations with international organizations, courts, and other countries. It is disturbing what the past two years might tell not just Hamas, not just other Iranian terror proxies across the Middle East, but terror groups around the world—that the tragedy of war, the creation of martyrs, is not to be avoided, but embraced. Thank you moderators for permission to post the link to the substack, and for the suggestion to make this a native post. submitted by /u/Just_Wedding4350 [link] [comments]",Reddit,https://www.reddit.com/r/Israel/comments/1ounkjd/two_years_of_silence_the_troubling_yet_unvoiced/,2025-11-11 22:24:51+00:00
Gaza Conflict,Differences in the BBC English vs BBC Arabic reporting (from the Prescott dossier on the BBC),"This is from a government report that (so far as I can tell) is not protected by copyright. It’s pretty damning. It does help explain why so many Arabs get a distorted view of events concerning Israel. Because BBC Arabic simply omits any reporting that casts Israel and Israelis in a positive light, or which portrays Hamas, Hezbollah , etc., in a negative light. These are just excerpts, not the full report. —— ﻿* On story selection, the BBC’s main news website posted 19 separate stories about the hostages taken by Hamas on the day of its terror attack. On BBC Arabic there were none ﻿﻿* By contrast, every critical article about Israel that appeared on BBC News English website was replicated by BBC Arabic ﻿﻿* The English language website had three times as many stories that primarily dealt with the suffering of Israelis. These included the horrors faced by hostages held captive in Gaza, how traumatised Israeli communities were coping, Hamas and Hezbollah rocket attacks on residential Israeli communities and growing antisemitism. These were all missing from BBC Arabic ﻿﻿* There were no articles critical of Hamas on the BBC Arabic site and four on the English site. Story treatment - Fawzia Sido liberation BBC News’ English website covered the story of a Yazidi woman, Fawzia Sido, rescued by Israeli soldiers after a decade as a sex slave in Iraq, prior to her arrival in Gaza. Kidnapped, drugged, raped and “sold off” for marriage to an ISIS fighter at the age of just 11, the story detailed her escape and rescue, with back up for her claims from the US State Department and the Iraqi authorities. BBC Arabic ran the same story but with critical differences - starting with the headline: “Israel says ‘Yazidi prisoner returned to Iraq after ten years in Gaza,’ Hamas tells BBC ‘Israel narrative is fabricated’”. The bulk of BBC Arabic’s story is taken up by a 582-word-long statement by Hamas disputing the woman’s terrible story. Story treatment – Hamas attack on Jaffar Similarly, there were major content and tone differences in stories covering an attack by Hamas terrorists on October 1st, 2024, which killed seven Israeli civilians in Jaffa. The BBC News’ English website revealed how the victims included Inbar Segev Vigder, a young mother who died shielding her 9-month-old baby from harm. BBC Arabic covered the story under the headline: “The Qassam Brigades claims responsibility for the Jaffa operation, what do we know about it?” The report presented the attack as a military operation and gave no information about the victims. Similarly, the deaths of four hostages in Gaza on June 3, 2024, were covered with a dedicated article on the English language site but dismissed in four paragraphs in a BBC Arabic article that focused on Hezbollah attacks on Israel. Story treatment – the Majdal Shams rocket attack Another major story in the conflict, Hezbollah’s bombing of a football game in the Golan Heights on July 27th , 2024, that left nine children dead, was also given critically different treatment. The English language version included Hezbollah’s denials that it was responsible for the Majdal Shams rocket strike but included evidence to suggest it had bombed other sites in the area. The BBC Arabic story, posted four hours after the English language version, did not include evidence linking Hezbollah to the bombing of a nearby military compound, just two miles from the football pitch, and prominently included the terror group’s denials. Its headline referred to “Israelis” being killed and injured in the attack, not children. A day-two story covered on the Arabic website contained unsubstantiated claims from Iran and Syria that Israel faked the attack as a pretext for attacking Hezbollah. It was clear from David’s extensive research in this report that BBC Arabic’s story selection, tone and focus were considerably different to the BBC News’ English website. It is hard to conclude anything other than that BBC Arabic’s story treatment was designed to minimise Israeli suffering and paint Israel as the aggressor. At the time, one very experienced person attending the EGSC meeting described the findings as the most “extraordinary paper” she had ever seen. It should have prompted urgent action by the executive but it did not. submitted by /u/newguy-needs-help [link] [comments]",Reddit,https://www.reddit.com/r/Israel/comments/1otw6nt/differences_in_the_bbc_english_vs_bbc_arabic/,2025-11-11 01:19:28+00:00
Gaza Conflict,Israeli drone strike kills two in Gaza as ceasefire violations mount | Israel-Palestine conflict News,"An Israeli drone strike killed two people, including a child, near Khan Yunis, as violations of the ceasefire become more frequent. Hamas condemned Israel's ""daily and continuous"" attacks, which have killed 271 civilians since the truce began. Israel defends itself by saying that the targets posed an ""immediate threat."" Meanwhile, aid deliveries to Gaza continue to be restricted, causing a serious humanitarian crisis: according to the UN, 600 truckloads of supplies are needed daily, but less than half of that amount is getting through. submitted by /u/CommissionOrganic350 [link] [comments]",Reddit,https://www.reddit.com/r/Palestine/comments/1otnlxb/israeli_drone_strike_kills_two_in_gaza_as/,2025-11-10 19:37:32+00:00
Gaza Conflict,How Netanyahu Survives: Divide and Conquer in Gaza and at Home,"[SS from essay by Aluf Benn, Editor-in-Chief of Haaretz and a Senior Fellow at the Bill Graham Centre for Contemporary International History at the University of Toronto.] Israelis were glued to their screens on October 13. The cease-fire in Gaza had just taken effect, the last 20 Israeli hostages had returned from Hamas captivity, and U.S. President Donald Trump—who masterminded the peace deal—was addressing the Knesset. “This is not only the end of a war,” Trump declared, “this is the end of an age of terror and death, and the beginning of the age of faith and hope.” Sitting in the audience was Trump’s host, Israeli Prime Minister Benjamin Netanyahu . The president made sure to thank him. “I want to express my gratitude to a man of exceptional courage and patriotism,” he said. He asked the prime minister to rise. Netanyahu did, then nodded and grinned. It was a remarkable moment. When Hamas carried out the worst-ever attack in Israel’s history on October 7, 2023, killing 1,200 civilians and soldiers and kidnapping 251 people, few analysts expected that Netanyahu would still be in power two years on, let alone be showered with praise by an American president. The last prime minister to govern Israel when it suffered a surprise attack, Golda Meir, stepped down shortly after. But Netanyahu denied any responsibility and refused to bow out. Instead, he blamed the failure to anticipate and repel the assault squarely on the military and intelligence services. He blocked an inquiry. And to keep his government intact, he dragged out the subsequent conflict despite mounting domestic fatigue and international pressure. submitted by /u/ForeignAffairsMag [link] [comments]",Reddit,https://www.reddit.com/r/geopolitics/comments/1otgpig/how_netanyahu_survives_divide_and_conquer_in_gaza/,2025-11-10 15:27:17+00:00
Gaza Conflict,Israel confirms returned body belongs to soldier killed in Gaza in 2014 conflict,submitted by /u/cnn [link] [comments],Reddit,https://www.reddit.com/r/worldnews/comments/1ospepe/israel_confirms_returned_body_belongs_to_soldier/,2025-11-09 17:37:01+00:00
Ukraine War,"The Internal Social Reasons Behind Russia’s Refusal to End the Invasion of Ukraine and Achieve Peace(The Impact of Historical Wars, Turmoil, Poverty, and Violence on the Russian National Character and Foreign Policy)",submitted by /u/Slow-Property5895 [link] [comments],Reddit,https://www.reddit.com/r/internationalpolitics/comments/1orrkvt/the_internal_social_reasons_behind_russias/,2025-11-08 15:02:56+00:00
Ukraine War,Green Armies,"I know that in this sub 50% of the posts are about the russian civil war, and im sorry for making one more, but, what were the green armies? Why did the Free territories of Ukraine fight them? Were.they nationalists, bolsheviks, something? Thanks! submitted by /u/LemonIsCitron [link] [comments]",Reddit,https://www.reddit.com/r/Anarchy101/comments/1orlr0f/green_armies/,2025-11-08 10:04:46+00:00
Ukraine War,Information warfare will get much worse (Or: We are very lucky that they are so stupid),"I wrote a piece on how misinformation campaigns (especially those leveraging AI) are evolving. In it, I argue that while current disinformation efforts are often clumsy, future ones could be far more dangerous. Below is the full text for discussion. Introduction 2,000 years ago, Rome declared war against Mark Antony and Cleopatra. Ostensibly because of Antony’s will, which named Antony and Cleopatra’s children as heirs and directed his burial in Alexandria. Modern scholars doubt the veracity of this will, it may have been partially forged . The consequences, however, were all too real: 2 years later, both Mark Antony and Cleopatra were dead, and Octavian was proclaimed emperor Augustus. Propaganda is nothing new, it has existed since humans talked to other humans. What has changed is our access to information. In today’s Information Age, we have unprecedented access to knowledge. Consequently, we are unprecedentedly vulnerable to propaganda and disinformation. The advent of Large Language Models (LLMs) has only hastened this process, and as models improve this will only continue. However, prior to LLMs, online disinformation campaigns were already happening. Notably, it has been a key weapon in the arsenal of the Russian military. Especially after the invasion of Georgia in 2008, which showed the importance of this new online information space. Internet users had a reduced war support (I cannot link the study due to Reddit's filters) due to their increased access to information, which often conflicted or debunked Russian propaganda on TV. Russian officials have certainly learned their lessons: in recent years, so-called Russian troll factories have been used to justify, excuse, and downplay its global aggression. However, I argue that current disinformation campaigns have only a fraction of the effect they could have in the current information space. The damage to our democracy, and our sanity, could be so much worse than it already is. Furthermore, AI generative content, both text and visual media, can (and likely will) play a bigger role in misinformation. As the potential of misinformation campaigns is continuously increasing, strong countermeasures must be taken. A Ukrainian soldier recently observed: “ We are very lucky that they are so fucking stupid. ” He was talking about Russian military tactics - but the same applies to their information operations. Current campaigns are often clumsy, their bots easily spotted, their narratives transparently contradictory. But as Russian innovations in the Ukraine War have shown (Shaheds, Lancets, glide bombs), incompetence doesn’t last forever. They learn, they adapt, they improve. And we are running out of time to prepare for what comes next. Thanks for reading Lucasdart! Subscribe for free to receive new posts and support my work. How does a misinformation campaign work? Put very simply, a misinformation campaign seeks to obfuscate the truth and by that way influence events in the perpetrator’s favor. The classic Russian method is termed the “ firehose of falsehood ”, and builds on Soviet techniques. It functions through a very high volume of messages which disseminate a combination of falsehoods (duh) and half-truths. The objective is to induce cynicism into the average reader, making them believe nothing. Fact-checkers are limited by the time it takes to debunk lie after lie, while it of course takes much less time to make up a new lie. A key advantage of this technique is that it does not have to be internally consistent, and can instead rely on rapid evolution and narrative switches to react to current events. These misinformation campaigns are made more effective by having several large-following accounts to spread the messages. The large accounts can then hide behind the fact they are simply “resharing information” or “showing a different viewpoint” to avoid backlash. Or, in today’s fast-switching news, simply ignore it altogether. These accounts can be public figures (e.g. Scott Ritter , Ian Miles ), news channels (e.g. Russia Today )) or anonymous posters (either in it for the money because FB and Twitter pay for engagement, or also in it for the money because they get paid directly). A much more subtle misinformation method, which I’m sure you’ll have heard of, is the Cambridge Analytica method of using individual psychographic profiles to deliver targeted advertising. These were often misinformation, or “fake news”, famously targeting Hillary Clinton with corruption allegations. Perhaps lesser known is when Cambridge Analytica helped the United National Congress (the party representing the Indian-descended population) win the 2010 elections by targetedly promoting voting abstention among the population of African descent. Less subtly, scammers have been some of the earliest adopters of generated images and videos. You have probably seen a video or picture of a celebrity promoting some sort of sketchy product. Whereas in the 2010’s these posts were usually just a celebrity picture next to a fake endorsement quote, now they are AI-generated videos . Much more convincing, especially to older people who are not familiar with AI. Video evidence, long considered the gold standard of proof, is rapidly losing its status as generative AI makes convincing deepfakes increasingly accessible. These are all examples of wildly different disinformation campaigns. Many more exist, all with their own methods and varying effectiveness. However, I believe that the efficacy of disinformation can and will be improved. By learning from each iterative campaign and incorporating effective methods, future campaigns are going to be even more believable, even more influential, even more dangerous. And too little is being done to counter them. Likely improvements and combining methods Like many things in life, a combination of misinformation methods can be greater than the sum of its parts. New tools are constantly arising: Cambridge Analytica’s campaigns would have been even more effective if they had AI to generate deepfake videos for their target audiences. Russian networks don’t use AI-generated videos as often as they could be to firmly destroy the legitimacy of video evidence. In fact, Russian operations are already evolving: a CSIS investigation uncovered bot farms using AI-generated content, while American startup DoublSpeed is openly marketing sophisticated bot systems with integrated content deployment and AI-assisted viewer messaging. These could alleviate a lot of the limitations of current bot networks. So, besides the regular ethical implications, DoublSpeed is also developing an incredibly potent tool for information warfare. The future of social agents! Exciting… Online news outlets, which have become numerous, could be used to spin narratives one way or the other. The Russia Today model demonstrates this approach: build credibility through accurate reporting, then deploy it strategically. Lesser-known outlets could replicate this pattern with even less scrutiny. Having many of them act simultaneously targeting specific audiences (politically right/left leaning as an example), can change a narrative as desired. Similar methods could be used (are used!) to build social media accounts for the same purpose, albeit with less sophistication. With more and more people relying on LLMs for information (in part due to the decline in quality of Google Search ), changing their outputs is an incredibly powerful tool of influence. This is not some new idea: in July this year, Musk announced improvements to xAI’s Grok LLM (because it was “too woke”). The results were immediate and extreme: antisemitic comments and Hitler praise . In this instance, the impenetrable black box nature of deep learning was an advantage (at least, for the rest of the world), as the changes failed to be implemented properly. However, they demonstrated how easily LLM outputs can be manipulated by those who control them. xAI and others will likely try again, and be a bit more thorough during QC testing next time. I probably don’t have to spell out how dangerous it is when individuals, corporations or governments can change narratives on a whim. Imagine a coordinated campaign: DoublSpeed-style bots seed narratives on social media, lesser-known ‘news’ outlets provide seemingly credible sources for those narratives, and manipulated LLMs reinforce them when users search for verification. Each component amplifies the others, creating a self-reinforcing ecosystem of misinformation that’s far harder to debunk than any single tactic. These developments are likely inevitable, and countering them requires coordinated action. Countering disinformation now and in the future Excellent work is being done by groups and individuals to both debunk misinformation and provide accurate information (to name a few: Vatnik Soup for debunking, Andrew Perpetua and Jompy99 for losses and storage respectively, various war mappers such as DeepState and Liveuamap). Trusted online accounts can help counteract the effect of the firehose of falsehood by providing oases of sanity in our rapidly declining information space. Furthermore, fortifying the political independence of public broadcasters (BBC and the likes) as well as strict reporting standards for reporters and news outlets, and increased funding for fact-checking will help rebuild public trust in traditional media. Aggressively pursuing (bot) misinformation networks will help reduce the flood of misinformation. This could be aided by heavy fines for social media platforms that do not sufficiently combat misinformation and that share user data without permission. The EU is making strides on protecting its citizens by aggressively fining both Meta and Google in anti-trust and consumer protection cases. In typical EU fashion, it is also terrible at PR (as it has been since forever) and highlighting its accomplishments; and manages to constantly antagonize its citizens by attempting to push through unpopular legislation. AI can be used in a positive and negative way here. It can be used to identify misinformation networks and remove them more quickly, but it can also be used to identify say, Chinese pro-democracy activists. This dichotomy is also why the EU’s Chat Control is so controversial, but that’s a whole other topic. In short, AI could be used to combat misinformation, or increase it. It could be used to identify malicious actors, or to better suppress dissidents. Probably, it will be used for both. Care must be taken. Perhaps unsurprisingly, autocratic regimes such as Russia , China and North Korea have had entire departments dedicated to information warfare for, well, forever. Of course, Western nations have similar structures (US: GEC, EU: StratCom), but they face a fundamental tension in this regard: how does one counter disinformation without becoming it? A specific example of democratic scrutiny working very well is the case of the Pentagon using fake accounts to spread anti-vax messages in the Phillipines. Reuters uncovered this program last year (2024), which was indefensible and may have caused unnecessary COVID deaths. In a perfect democracy, the ones responsible for this would be punished and justice would be sought for those affected. In reality, measures were taken to avoid this happening in the future (US commanders must work closely with diplomats) and to avoid this being uncovered in the future (an audit found the accounts were sloppy and easily linked to the military). And one of the responsible contractors? They got awarded a $493 million contract to continue providing clandestine influence services for the military. This incident illustrates the difficulty democracies face: even when wrongdoing is exposed and scrutinized, accountability remains elusive. The line between “strategic communications”, counter-messaging and propaganda is blurry at best, especially when strategic interests are involved. Funding pro-democratic voices and movements: is it propaganda? If yes, is some propaganda good? Where do we draw the line, lest we enable future autocrats by handing them the key to the information space? These questions need clear answers. I believe transparency is key here: Western operations should ideally be subject to oversight and scrutiny. If national security concerns require secrecy then this scrutiny should remain doubly so (but maybe have to be delayed). I’d argue that in recent years, Western messaging has been heavily boosted by volunteer groups. This is a key advantage of Western democracies: volunteer initiatives provide resilience and creativity which autocratic regimes by nature suppress (e.g. NAFO, OSINT communities, Vatnik Soup ). Their independence allows for greater flexibility, which is crucial in our fast-changing environment. The limited commitment required as well as open source nature of these projects allow for the mobilization of lots of man-hours of work, very quickly. Think of Wikipedia as a key example of volunteer-run efforts. These things are messy, but that’s a feature, not a bug! For example, you would think these organisations can easily be co-opted by bad actors posing as members of these communities (attempts at which have been happening as the Ukraine war continues on), and lack coordination. However, their decentralised nature allows for them to work around these issues surprisingly well: bad actors get identified and marginalized through community consensus rather than top-down enforcement, making infiltration costly and ineffective. Nevertheless, a way to support and integrate these spontaneous groups without reducing their flexibility should be explored. Conclusion Two thousand years ago, a forged will helped bring down Mark Antony. Today, the tools of manipulation are far more sophisticated, but the goal remains the same: to shape reality in favor of the powerful. The difference now is that we have the tools to fight back: fact-checkers, OSINT communities, cryptographic verification. Whether we use them effectively will determine whether the Information Age becomes an era of unprecedented truth or unprecedented deception. We have one key advantage: the autocrats innovating in information warfare face a fundamental constraint. They must suppress the very creativity and independent thinking that makes effective counter-operations possible. That asymmetry (messy, decentralized, volunteer-driven resilience) may be democracy’s greatest advantage, if we choose to leverage it. Originally published on my Substack . Feedback and critique welcome! submitted by /u/Eevalideer [link] [comments]",Reddit,https://www.reddit.com/r/CredibleDefense/comments/1on70ip/information_warfare_will_get_much_worse_or_we_are/,2025-11-03 09:08:17+00:00
Ukraine War,Artillery Wars - Russia vs. Ukraine shell ratios until 2027 - November Update,"This is new original content made by me. This is a follow-up to my early October video on artillery shell ratios. This one is expanded on with a lot of new data (e.g. lots of new shell factories announced) & sources so it will be far more current and accurate - many from comments from this sub itself! https://youtu.be/Fq8ZaAdvqYA?si=ohwMh--iIeBxAUXQ In this video, I analyze the artillery shell availability of Russia vs. Ukraine: How much Ukraine has available (stocks, production & donations) incl. Allies How much Russia has available (stocks, production & donations) incl. North Korea Comparing both over each year of the conflict 2022-2025 Estimating the evolution of the ratio in 2026 and 2027 A look into my raw data & source If you found the above video interesting, I recently made another video where I analyze Ukraine's oil refinery bombing campaign of 2025 https://youtu.be/CZ781inb7EU?si=ZOxqmdg7UEiDfbTL As this took a lot of work and time to make, if you liked the content, like and comment on the youtube video and subscribe if you would like to see more. https://www.youtube.com/@ArtusFilms submitted by /u/Mr_Catman111 [link] [comments]",Reddit,https://www.reddit.com/r/CredibleDefense/comments/1omfcg2/artillery_wars_russia_vs_ukraine_shell_ratios/,2025-11-02 11:53:59+00:00
Ukraine War,Misreporting on Israeli Emigration,"I’ve seen articles about the apparent “tsunami” of emigration, and they all leave out the context of the Russia-Ukraine war. Anyway, this piece points out some important context: “Secondly, Itamar Eichner’s article omits important context which addresses at least part of the increase in emigration from Israel: the rise in recent years of immigrants from Ukraine who came to Israel due to the war in their country and decided to leave after a relatively short time. The Knesset Research and Information Center report notes (p. 3): “It appears that at least part of the increase in the number of emigrants in 2022 can be attributed to many immigrants who came to Israel due to the Russia-Ukraine war in 2022 and left after a short time.” In an examination of Central Bureau of Statistics data, Ishay Shnerb revealed in Israeli newspaper Makor Rishon that approximately 60 percent of those who emigrated in 2023 were foreign-born and most of them had immigrated to Israel in 2022–2023, a finding reflecting Ukrainian immigration followed shortly later by emigration.” submitted by /u/aushreshteh [link] [comments]",Reddit,https://www.reddit.com/r/Israel/comments/1oleomc/misreporting_on_israeli_emigration/,2025-11-01 04:06:43+00:00
Gaza Conflict,How to Solve Gaza’s Hamas Problem: Disarming the Group Will Require Arab and Muslim Forces—and Strong American Leadership,"[SS from essay by Jonathan Panikoff, Director of the Scowcroft Middle East Security Initiative at the Atlantic Council. From 2015 to 2020, he was Deputy National Intelligence Officer for the Near East at the National Intelligence Council.] In the weeks since the October 8 cease-fire between Israel and Hamas, establishing and maintaining security in Gaza has become a crucial test. Already in the days after the deal was announced, Hamas began a campaign of violent retribution against rival groups as it sought to reconsolidate control over areas Israel had vacated. On October 19, the killing of two Israel Defense Forces soldiers in Rafah prompted Israeli airstrikes. And on October 28, the killing of another IDF soldier and Hamas’s continued delay in returning the bodies of hostages caused Israel to strike dozens of targets across Gaza, killing more than one hundred people and raising concerns that the deal itself might collapse. If Hamas is allowed to reassert its influence and Israel is forced to continue to intervene at this or even larger scale, the cease-fire may become yet another temporary interlude in an unending conflict. The security challenge was anticipated in U.S. President Donald Trump’s 20-point plan, which specifically calls for the disarmament of Hamas and the deployment of an international stabilization force for Gaza. Yet the time required to carry out complex negotiations on the implementation of these goals has created a vacuum that will worsen the longer action is delayed or stalled. submitted by /u/ForeignAffairsMag [link] [comments]",Reddit,https://www.reddit.com/r/geopolitics/comments/1ok1lie/how_to_solve_gazas_hamas_problem_disarming_the/,2025-10-30 14:43:05+00:00
Ukraine War,Trump and Putin Meeting: What Russians Think About Ending the War in Ukraine | Street Interview,submitted by /u/Defiant_Designer_232 [link] [comments],Reddit,https://www.reddit.com/r/internationalpolitics/comments/1oecizm/trump_and_putin_meeting_what_russians_think_about/,2025-10-23 19:22:52+00:00
Ukraine War,Emergent Approaches to Combined Arms Manoeuvre in Ukraine - RUSI,"Just a note - the analysis is based on the practices of a few of the very best Ukrainian units. It does not reflect standard practices. I found a few surprising insights - Ukrainian commanders perfer Soviet era tanks to Western ones (perceived as heavy and difficult to maintain and repair). Also, ""The Russian approach to offensive action is becoming increasingly effective at inflicting casualties on Ukrainian forces"". It has been mine (and, I think, general) impression that the Ukrainian losses have dropped off. The study identifies how selected Ukrainian units are developing novel combined-arms manoeuvre concepts in the context of the war with Ukraine and Russia — moving beyond traditional models. Key environmental challenges: pervasive sensors/UAVs degraded surprise; precision fires at all levels mean concentrated forces highly vulnerable; logistical/resupply constraints prolong contact and prevent exploitation. Ukrainians have re-conceptualised the battlefield geometry: a “contested zone” (contact engagements), a “middle battle area” (up to ~30 km beyond that), and a “deep” area (logistics, reserves, future effect). They’ve distilled the assault of a contested sector into ~7 sequential phases: Survey - Isolate - Degrade - Fix - Suppress - Close & Destroy - Consolidate. The “Survey” phase emphasises detailed ISR (especially UAVs) to map enemy sensors, resupply/rotation routes, EW nodes. Then degrade enemy reconnaissance before full ops. The “Isolate” phase uses middle-area strikes and interdiction (mines, UAVs, cratered roads) to sever the enemy’s support and resupply of a targeted sector - so attrition becomes sustainable. After isolation, target enemy positions systematically; then freeze enemy movement; then suppress with fires/EW/UGVs; finally commit armour/infantry to clear and destroy. Consolidation matters: after clearing, fresh infantry replaces assault troops; new positions are dug; mines/UAV/UGV logistics/resupply are used; then the force transitions to screening and prepares for next sector. Usage of UGVs for logistics/medevac is highlighted. On specific arms/capabilities: ISR/UAVs remain transformative but vulnerable and need integration. Artillery/mortars remain fundamental; now used more dispersed, dug-in, fire and move, checking for enemy UAV observation. EW is deeply integrated — both for enabling own operations and degrading the enemy; but de-confliction and synchronisation are vital. Armour and protected mobility still matter but repairability, modularity, quick recovery now seen as more critical than sheer survivability. Recommendations include: For Ukraine: ramp up collective training at the corps level; lateral transfer of best practices; increasing recruitment. For Ukraine’s partners: provide a diverse suite of equipment (not just drones but conventional artillery, ammo, precision munitions, avoid over-dependence on one source). For NATO: revise battlefield geometry thinking, revisit what capabilities must be organic at battlegroup level, focus on repairability/maintenance in future AFV design. submitted by /u/Glideer [link] [comments]",Reddit,https://www.reddit.com/r/CredibleDefense/comments/1oe3d8o/emergent_approaches_to_combined_arms_manoeuvre_in/,2025-10-23 13:32:27+00:00
Ukraine War,Discussion of antisemitism against Israel in the West (specifically the USA),"My first post here. Apologies if what I'm going to add has already been talked about. I guess this is specifically for Israelis who might misunderstand why antisemitism rose so much after October 7th. This discussion was had here not long ago, but I wanted to clear up some things I disagreed with. First I'll talk about the left's antisemitism: People here were saying: ""Americans criticize Israel's creation because they're projecting white guilt."" Well, I'm not saying this NEVER happens, because white guilt is definitely real. Particularly in far leftist spaces. But that's not why they hate Israel. Israel is seen as ""whiter"" than Palestine, therefore they're automatically the oppressors. Because to a leftist, people with darker skin tones are always the oppressed. Notice how the Russia/Ukraine war is rarely brought up, it's because it's two ""white"" countries, and they're not interested in anything that doesn't reaffirm their false belief that darker = always oppressed. As for the far right, honestly I don't have as much insight into it other than bigotry due to conspiracy theorists. Honestly, it feels like Hitler all over again (not Trump necessarily, he's a pretty big supporter of Israel) but the fact that Jews (mostly Israeli Jews) are being used as scapegoats for all the country's problems. Aka they control everything. I don't know why or how that same conspiracy theory has been used for so long and people still believe it, but here we are. For clarification, I know that Israel isn't ""white"", it has mixed ethnicities and races. I'm just simplifying it because that is how Western leftists see it. One more thing to understand: Palestine was really, REALLY good at spreading propaganda and misinformation, and unfortunately people will usually automatically believe what they see online without question. It's really disturbing and sad. Many people even believe that October 7th was a ""resistance movement"" and not the deadliest terror attack on Jews since the Holocaust. For a few people it's genuine ignorance, but for most it's being WILLINGLY ignorant. Because like I said earlier, they will support darker skinned people no matter what, always. submitted by /u/Key-Praline-2365 [link] [comments]",Reddit,https://www.reddit.com/r/Israel/comments/1oco1c6/discussion_of_antisemitism_against_israel_in_the/,2025-10-21 20:26:50+00:00
Ukraine War,"President Trump says Ukraine could win war with Russia but casts doubt: ""I don't think they will but they could still win it. I never said they would win it. I said they.. anything can happen. You know war is a very strange thing.""",submitted by /u/ControlCAD [link] [comments],Reddit,https://www.reddit.com/r/internationalpolitics/comments/1ochq2w/president_trump_says_ukraine_could_win_war_with/,2025-10-21 16:32:37+00:00
Gaza Conflict,"With a Phone Call, Putin Appears to Change Trump's Mind. Again.","This is the text from the following paywalled article, I am completely dumbfounded, this has to be a bad dream, it isn't possible somebody can actually be this dumb. Europe, can't you arm Ukraine with everything you have please? It was the latest swing in Trump’s position on the war that often shifts following contact with Putin, who has shown skill in persuading the U.S. president. By Robyn Dixon Russian President Vladimir Putin put his relationship with President Donald Trump back on track with a phone call just ahead of Trump’s crucial Friday meeting with Ukraine’s President Volodymyr Zelensky, that was meant to include discussions of providing Ukraine with powerful new long range weapons. Up until the Thursday phone call, Trump had seemed ready to boost Ukraine’s arsenal and negotiating position with Tomahawk cruise missiles. But in its wake and after the subsequent meeting with Zelensky, Trump played down all talk of the missiles and instead focused on yet another summit with Putin. “Zelensky’s tour summed up in one sentence: Putin outmaneuvered everyone again,” posted Kirill Dmitriev, the head of Russia’s sovereign wealth fund, who has been one of the main points of contact with the Trump administration. It was the latest swing in Trump’s back and forth positions on the Russia-Ukraine war that often change following contact with Putin, who has shown a great deal of skill in persuading the U.S. president to his view of the conflict. So far, Russia has succeeded in deterring Trump from imposing further sanctions — or sending more powerful weapons to Ukraine — by continually dangling hopes of a peace deal, while it ramps up attacks. “Hopefully we’ll be able to get the war over with without thinking about Tomahawks. I think we’re fairly close to that,” Trump said to journalists as he began his meeting with Zelensky. “We don’t want to be giving away things that we need to protect our country.” Instead of new support for Ukraine or sanctions on Russia, Trump announced a new summit with Putin — a bonus for the Russian leader — “to see if we can bring this ‘inglorious’ War, between Russia and Ukraine, to an end.” There was no talk of Russia curtailing its ongoing bombardment of Ukraine’s energy infrastructure ahead of winter. In a similar fashion, after the Trump-Putin summit in Alaska in August, Trump abandoned pressure on Russia to agree to a ceasefire and Moscow intensified its attacks even as Putin ignored U.S. urgings to meet Zelensky. Trump shrugged off concerns Friday that Putin was again trying to buy more time. He was concerned about it, “but you know, I’ve been played all my life by the best of them, and I came out really well,” he said, adding it was “all right” if it took a little time. “But I think that I’m pretty good at this stuff.” He blamed the continuing fighting not on Putin’s refusal to offer concessions but on “bad blood” between the Russian and Ukrainian leaders, apparently blaming both sides for the “hatred of each other.” “They have tremendous bad blood. It really is what is holding up I think a settlement,” he said Friday. It remains unclear what proposals Putin may have made to convince Trump that he could achieve a peace breakthrough by meeting the Russian leader in Budapest. Trump offered no clues when he took media questions with Zelensky in the White House on Friday, simply stating his belief that “I think President Putin wants to end the war,” a mantra he has repeated for months as Putin dragged his feet. On Friday, Putin told Hungarian Prime Minister Viktor Orban, who will host the summit in approximately two weeks, that U.S. and Russian representatives will now “discuss the algorithm for further action in the context of finding ways to peacefully resolve the Ukrainian crisis” — a formula that did not appear to convey hopes for a rapid solution. The Kremlin’s wording also did not suggest a significant new shift in Russia’s position, echoing a stance that Moscow has repeatedly adopted that the situation is highly complex and cannot be quickly resolved, even as it rules out a ceasefire so that fighting can continue. Putin’s “new scenario” to resolve the war was “a face-to-face meeting in Budapest, without the small fry getting in the way,” Dmitriev wrote Friday, once more underscoring Putin’s strategy of deflecting calls for a meeting with Zelensky, and his view that conflicts and spheres of influence should be sorted out by world leaders, without the input of smaller states. Pro-Kremlin analyst Sergei Markov called the meeting “the peak of personal humiliation” for Zelensky, describing how the Ukrainian president was awkwardly seated with his back to the media while Trump mockingly praised his outfit and then forced to hold his briefing with journalists outside the White House. European leaders and Ukraine have warned that Putin does not appear to be serious about a just peace deal and have called for tougher U.S. pressure on Putin and more military support for Ukraine, to increase the costs of the war and convince Putin to halt attacks. But since Trump’s reelection, Putin has used a toolbox of tactics to bend Trump to his will, employing moments of drama, delaying tactics, bluster, false narratives, boasts that Russia is winning the war, expressions of appreciation for Trump’s wife, and above all flattery. Putin began Thursday’s conversation by lavishing praise on Trump over the Gaza peace deal, calling it the “Great Accomplishment of Peace in the Middle East” that had “been dreamed of for centuries,” according to a Trump post on Truth Social. Putin, who has been indicted by the International Criminal Court over the abduction of Ukrainian children and their removal to Russia, also praised Melania Trump for her efforts to return children to their families, although Russian state television has twice aired images of her nude and scantily clad since Trump’s election. Putin has repeatedly suggested that he would never have invaded Ukraine if Trump had been president, an assertion that assumes the U.S. president would have accepted Russia’s highly contentious demands at the time, including rolling back NATO’s presence in Europe to 1997 positions, withdrawing NATO troops and weapons from Poland, Estonia, Lithuania, Latvia and the Balkan countries. Last week, after the Nobel committee awarded the Nobel Peace Prize to Venezuelan opposition leader María Corina Machado, Putin said the body had lost its credibility while extolling Trump’s peace efforts. In the Alaska meeting, Putin fed one of Trump’s pet theories by telling him that the 2020 election was rigged through mail-in voting, although such a practice is widespread in democracies. In Thursday’s call, Putin also told Trump that the Tomahawks would damage U.S.-Russian relations, dash any chance of a peace deal and make little difference on the battlefield, according to Kremlin aide Yuri Ushakov — points that Trump appeared to take to heart. Afterward, in addition to expressing skepticism on the cruise missiles, Trump once more suggested it was not a good time for tougher sanctions, even as Trump ally Sen. Lindsey Graham (R-South Carolina) and Sen. Richard Blumenthal (D-Connecticut) push forward with a bill to strengthen U.S. sanctions against Russia and buyers of its energy. “I’m not against anything. I’m just saying, it may not be perfect timing, but it could happen in a week or two. But it’s at my option,” Trump told reporters after speaking to Putin. One of Putin’s key arguments is that Russia is on the cusp of victory and Ukraine should accept Russian terms or face defeat and the loss of more territory. But the war increasingly appears to be at a stalemate. Russia has made some slow advances over the summer but has failed so far to capture the strategic city of Pokrovsk in Donetsk region, despite battles going back to the summer of 2024 and massive casualties. Russia has used this claim of imminent victory to justify its continued maximalist demands in the war including that Ukraine hand over territory not conquered by Russia in Donetsk, permanently renounce joining NATO or any other alliances, and slash its military including a bar on future Western military support — part of Putin’s effort to force Kyiv back into Moscow’s sphere of influence. Despite Putin’s triumphalist talk, however, Western sanctions against Russia and the mounting costs of the war — with the military and security forces gobbling up around 40 percent of Russia’s budget — have taken a mounting toll on Russia’s economy, as revenue falls and officials warn of the risk of recession. Signs of war fatigue are emerging in Russia, although none pose a threat to Putin’s regime, which has toughened repression and imposed draconian wartime censorship barring criticism of the military or the war. According to independent polling agency Levada Center, 63 percent of Russians want to see an end to the war, more than double those who favor continued fighting at 30 percent, according to a July poll. submitted by /u/Invisible_INTJ [link] [comments]",Reddit,https://www.reddit.com/r/ukraine/comments/1o9vzra/with_a_phone_call_putin_appears_to_change_trumps/,2025-10-18 13:35:26+00:00
Gaza Conflict,Palestinian journalist Saleh Aljafarawi shot dead in Gaza City clashes | Israel-Palestine conflict News | Al Jazeera,submitted by /u/DARKNEXTER [link] [comments],Reddit,https://www.reddit.com/r/worldnews/comments/1o5b2iu/palestinian_journalist_saleh_aljafarawi_shot_dead/,2025-10-13 05:18:04+00:00
Gaza Conflict,"As someone from Vietnam, Israel has always been on the right side of history.","I'm from Vietnam, My country's history is filled with fighting for our own survival and independence, so maybe that's why Israel's story really connects with me. Anyone who have done a serious research about the history of the region and the conflict must agree with me that Israel have always been on the right side of history. This is a people whose homeland is Jerusalem, but they were driven out, scattered across the world for thousands of years. Everywhere they went, they were hated and persecuted (Holocaust and everything). It's just horrific. A lot of people talk about the land, but they don't seem to know that the original promise from the British included all of Transjordan, until the British ""changed their minds"" and gave it away to the Arabs. When the UN partition plan came, Israel accepted a very unfair deal where more than half their land was just arid desert. And what happened next? The very day they declared independence, five Arab armies invaded to wipe Israel off the map. Every major war Israel have fought has been defensive. Every time Israel takes a step back for peace, they're met with violence. giving back the entire Sinai Peninsula, pulling out of Gaza in 2005, signing Oslo Treaty. And what did they get in return? The Munich 1972 massacre, thousands of rockets from Hamas, and October 7th. And this is the part that earns my deepest respect. In the middle of a volatile Middle East full of dictatorships, Israel somehow remains the ONLY democracy. Arabs there are treated better than most of other Arab nations. Israel and the Jews have endured more than enough, and they deserve to live in peace. God bless Israel! submitted by /u/scotchbourbon22 [link] [comments]",Reddit,https://www.reddit.com/r/Israel/comments/1nvg0lh/as_someone_from_vietnam_israel_has_always_been_on/,2025-10-01 18:18:56+00:00
Gaza Conflict,Question for Olim,"Anybody else have deeply conflicting feelings abiut having made Aliyah but also feel that there was ultimately no other choice? I have so much to say regarding this topic so I will try to make it as coherent as possible. For a little context, I have been living in Israel (Tel Aviv/Yaffo) for about a year and a half, mostly spent in Yaffo. I have also made Aliyah this March - and here is where the immense feeling of guilt comes in. On one hand, I find it entirely ridiculous that just because I am Jewish and I am able to prove it, I can not only easily claim a citizenship, but a whole bunch of benefits that Israelis by birth (both Arab and Jewish) do not have access to (e.g. Sal Klita, free uni degree, tax cuts etc.). More than that, the fact that I can just claim a citizenship whilst those in the West Bank or Gaza cannot. Speaking of Gaza - I mean a tragedy literally 2 hours from where I live is immensely crazy to think about. (Of course saying I feel guilty and yet making Aliyah anyway is irony that is not lost on me, don't worry.) On the other hand - all of my great grandparents and their extended family were murdered by their own state - so tbh why shouldn't I be entitled for Aliyah. Plus, whilst I believe that Palestinians should also be allowed here - I don't think that that premise should exclude me; I do not think it has to be me or them - why can't it be both? (and please no ""they are all terrorists"" this is a statement that I absolutely refute and will not entertain - there is simply no way 8 million people are all genocidal, and the same goes for Israelis). Furthermore, the West's opinion on Israel is what drove me to this country in the first place. This is the only place where I feel ideologically and spiritually accepted, where my identity doesn't come with clauses - both spiritually and politically (at least in Tel Aviv) I feel that I am allowed to be myself and express my views, as well as be on my own spiritual journey without any pressure to be more or less religious. When I was living in the UK, I truly only felt accepted in the Jewish community, and outside of it only welcomed if Israel never came up as a topic, or if I denounced it altogether. Because I grew up coming to this country and knowing (at least some of) its people, I would have never done this. The overall question is, does anyone else struggle with this dichotomy? And the other question is - am I just stupid? Am I really just trying to justify my own selfishness in accepting a better treatment from a country because I am a Jew? And if I have done that - does that even truly make me evil? I believe that everybody should recieve equal treatment, but at the same time I do not believe I was receiving that in the UK - so am I that bad for seeking acceptance elsewhere? I also perfectly understand that even having the choice to be or not be here is a privilege that most Israelis do not have. Nonetheless I still believe that having feelings about the matter is valid, given that this is my current life experience and the result of my own personal choices. submitted by /u/hannaf020 [link] [comments]",Reddit,https://www.reddit.com/r/Israel/comments/1ns154h/question_for_olim/,2025-09-27 17:32:55+00:00
Gaza Conflict,"WH Press Secretary Karoline Leavitt, in briefing says President Trump believes recognizing Palestinian state is ""reward to Hamas"": ""He disagrees with decision, and feels this does not do anything to release hostages, which is the primary goal in Gaza, does nothing to end conflict and war to close.""",submitted by /u/ControlCAD [link] [comments],Reddit,https://www.reddit.com/r/internationalpolitics/comments/1nohpo5/wh_press_secretary_karoline_leavitt_in_briefing/,2025-09-23 13:41:04+00:00
Gaza Conflict,EU proposes suspension of trade concessions with Israel over Gaza war | Israel-Palestine conflict News,submitted by /u/YeldNomad [link] [comments],Reddit,https://www.reddit.com/r/worldnews/comments/1njfkqh/eu_proposes_suspension_of_trade_concessions_with/,2025-09-17 15:02:15+00:00
Ukraine War,Why do some Jews of Israel hold anti-Ukrainian views?,I have often come across Jews who support Russia in the war against Ukraine (many of them are repatriates from Russia). They openly endorse Russian narratives about Ukraine and Ukrainians and see nothing wrong in Russia’s actions. I would like to know the opinions of other residents of Israel regarding Ukraine and the ongoing war between two countries submitted by /u/failurecowboy13 [link] [comments],Reddit,https://www.reddit.com/r/Israel/comments/1niv3nf/why_do_some_jews_of_israel_hold_antiukrainian/,2025-09-16 21:57:02+00:00
Ukraine War,War in a nutshell from a 3rd perspective,"Hi there, Excuse me for not putting enough time into reading and ""culturalizing"" myself to this on-going war, but from all the protests I see, could we just agree that the islamic countries that partake into this war are just bugging the wasp nest without proper equipment ? I am European, from a (from some perspectives) third world country, and through all those rallies about Palestine (which I find absolutely tiring, I see absolutely 0 rallies about Israel or Ukraine for that matter around here), I only see this war as <bold\_text>. What truly hurts is having nice beautiful people be thrown as cannon meat by some presidents that completely lack leadership, most of them driven by $$$ = power, religious beliefs or absolute lack of philosophical / emotional intelligence. I hope you stay safe, dear Israelis, and I hope this war will finally end, leaving you at peace and able to prosper furthermore. submitted by /u/viewaccount74 [link] [comments]",Reddit,https://www.reddit.com/r/Israel/comments/1nfc54b/war_in_a_nutshell_from_a_3rd_perspective/,2025-09-12 19:18:03+00:00
Gaza Conflict,European Commission President Ursula von der Leyen Calls for Suspension of the EU-Israel Free Trade Agreement Amid Ongoing Gaza Conflict,submitted by /u/niroshan63 [link] [comments],Reddit,https://www.reddit.com/r/worldnews/comments/1ndgcha/european_commission_president_ursula_von_der/,2025-09-10 14:51:56+00:00
Ukraine War,"Ukraine cabinet building hit in largest Russian strike of war, Zelenskyy says",submitted by /u/Face2FaceRecs [link] [comments],Reddit,https://www.reddit.com/r/news/comments/1napgyq/ukraine_cabinet_building_hit_in_largest_russian/,2025-09-07 10:08:38+00:00
Gaza Conflict,"China says it is ""shocked"" by an Israeli strike on a Gaza hospital in which five journalists were among at least 20 people killed: ""We are shocked and condemn the fact that medical personnel and journalists have once again unfortunately lost their lives in the conflict,"" FM Guo Jiakun said.",submitted by /u/ControlCAD [link] [comments],Reddit,https://www.reddit.com/r/internationalpolitics/comments/1n1pp0j/china_says_it_is_shocked_by_an_israeli_strike_on/,2025-08-27 18:53:17+00:00
Ukraine War,"When truth becomes the enemy, those who risk everything to reveal it become the primary targets.",submitted by /u/SalamTalk [link] [comments],Reddit,https://www.reddit.com/r/Palestine/comments/1mouo53/when_truth_becomes_the_enemy_those_who_risk/,2025-08-13 04:17:40+00:00
Ukraine War,It is time to stop expecting anything moral to come from US,"I see some Redditors here that sometimes post about American politicians, some of them consist of dissapointment about how some certain politicians have dissapointed them on not rejecting the legislation such as AOC case towards Israel; and then some others bring US population as a reference that they do not support Israel as in it's heyday, it's wrong thinking and naive. The true change will not come from America but from the power of the Global South and of the Palestinians. America is a country whose history itself was build on the genocide of the people that lived there. It is a country whose role has build Israel into this powerful state we are seeing today, no leftists politician including Bernie or AOC will ever be seen as justice politicans even if they come to power. The populism these politicians take is not a position of moral and justice but a position of populism to deceive the people with some good promises. Let's go to Trump for example, where he promised that he would stop the Ukraine war, did it stop? No; the spending continued and now he has taken another aggressive step against Russia. He lied to his base. For as long as America exists in its powerful form, Israel will also thrive. It is American Imperialism that has kept Israel from collapsing as the colonial project. America looks at Israel through an holy eye that must defend it from whatever it takes, no population pressure will shift that position because people are powerless and often times they change their position, today it's pro-Palestinian but tomorrow is Israel and that's what happening, after 5 years, they will be back to being pro-Israel. What Palestine needs is the Global South duty to help the compatriots achieve freedom; it is necessary to materialize the collapse of the American Empire through monetary revolution which will make USD a currency that is worthless; it is American decline which will open the door for Palestinians to be free and the faster it happens, the close it is to us. I am sure the majority does not share the position to the group that i am referring too, but some posts are a dissapointment for how they think that US will somehow turn the good moral country that will stop funding Israel. It won't, they see it from a holy factor, it is not South Africa. submitted by /u/Cautious_Car4468 [link] [comments]",Reddit,https://www.reddit.com/r/Palestine/comments/1m43txn/it_is_time_to_stop_expecting_anything_moral_to/,2025-07-19 18:49:30+00:00
Ukraine War,Retired U.S. army officer pleads guilty to sharing classified info on Russia-Ukraine war on dating site,submitted by /u/AudibleNod [link] [comments],Reddit,https://www.reddit.com/r/news/comments/1lzu32a/retired_us_army_officer_pleads_guilty_to_sharing/,2025-07-14 18:19:11+00:00
Ukraine War,"While FIFA suspended Russia for invading Ukraine, it continues to let Israel host matches in illegally occupied Palestinian territory which is a direct violation of its own statutes. How many more war crimes and double standards will it take for FIFA to act?",submitted by /u/Scared_Positive_8690 [link] [comments],Reddit,https://www.reddit.com/r/Palestine/comments/1lluqcq/while_fifa_suspended_russia_for_invading_ukraine/,2025-06-27 14:04:28+00:00
Ukraine War,What can we do?,"Hi everyone, what is it going to take for our governments to do something about the genocide in Palestine? I’m in Australia where the colonial-settler-state “leaders” aren’t listening and just don’t seem to care. They’re standing up for Ukraine and silent on Palestine. The hypocrisy, racism and western imperialism are palpable. Also, the premier (leader) of Western Australia, where I live, is going to the UK to talk about growing our defence industry. We are deepening ties with the US and its military through the AUKUS pact, pouring billions into weapons and submarines. Trump has just convinced NATO members to spend more on defence. It’s all connected: people are profiting from war and genocide. Our Murdoch media published an article yesterday about stocks in defence doing well, encouraging people to investment in them. Too many average Australians are ignorant, apathetic, or maybe heartless (I think this is often grounded in racism - some people count more than others, to our shame). The media in Australia is barely acknowledging what’s going on (an article here or there but nothing close to what is warranted given the magnitude of what’s happening). Generally, the strong pro Israel bias reigns supreme in our parliament, institutions, and media. Most of our politicians are slaves to big business especially mining companies and including, it seems, the military industrial complex. Why on earth are we becoming more closely allied with the US when they are paying for this genocide and flagrantly violating international law by striking Iran? The failure and selective application of international law only adds to the despair and sense of impending doom. The way our Prime Minister and Foreign Minister publicly supported strikes on Iran, lying to our faces. I feel like we are living in Orwell’s 1984 novel. I can’t even begin to imagine the heartbreak and terror Palestinians are being subjected to. To the beautiful Palestinian people, all I can say is I am so sorry. I’m sorry it’s being allowed to happen, and I’m sorry I can’t do more to stop it. There are no words that will ever be enough. I follow many Palestinians and activists online, and from what I can see nothing is fundamentally changing. I’m sure this has been asked before, but what will it take for the tide to turn? I’m sorry. I’m honestly hoping I’m missing something and missed the memo that something somewhere is being done to bring an end to the suffering, the genocide, the war crimes, the mass starvation, the cruelty, the depravity. I’ve engaged in all the usual activism, and it’s not nearly enough. What more can we do? What will it take for governments to stop this? Thanks everyone for your time. submitted by /u/Flowering-Tree [link] [comments]",Reddit,https://www.reddit.com/r/Palestine/comments/1lkpqse/what_can_we_do/,2025-06-26 03:21:26+00:00
Ukraine War,Ukraine says Russia launched the biggest overnight drone bombardment of the war,submitted by /u/rapidcreek409 [link] [comments],Reddit,https://www.reddit.com/r/news/comments/1l70heu/ukraine_says_russia_launched_the_biggest/,2025-06-09 09:37:11+00:00
Ukraine War,Co-op board votes to remove all Israeli products from shelves,"Board of supermarket chain says it will consider non-binding motion supported by majority of members Members of the Co-operative Group, one of the UK's biggest supermarket chains, have voted to remove Israeli products from its shelves over the ongoing attack on the Gaza Strip. Around 73 percent of the consumer co-op's members supported the non-binding motion that called on the board to show “moral courage and leadership” by banning Israeli products. The motion cited a previous motion passed following the Russian invasion of Ukraine in 2022 to ""boycott Russian products"". “We urge the board to show moral courage and leadership, apply the same ethical principles and values it did to Russia, and take all Israeli products off the shelves,"" read the motion. While the board is not obliged to implement the demands of the motion, it said it would take it into consideration as it reviewed the Co-op's sourcing policy. “We expect our review on the sourcing policy to complete towards the end of the summer,"" said a spokesperson for the board. Campaigners with the Boycott, Divestments and Sanctions (BDS) movement have since 2005 called for consumers to boycott Israeli products until it complies with its obligations under international law. Following the Hamas-led attack and Israel's bombing and invasion of Gaza in late 2023, the BDS movement has stepped up its calls over what it says is a genocide currently taking place in the enclave. The health ministry said on Sunday the number of people killed in Gaza since the war began had reached 53,339, with 121,034 others wounded. More than 10,000 Palestinians are also missing and presumed dead. There have been boycotts in many parts of the world against US companies over the country's support for Israel. Pakistan's interior ministry said on Saturday that around 160 people had been arrested after groups of Palestine supporters carried out 20 separate attacks on KFC restaurants, with one employee shot dead. Calls for boycott intensified after Israeli franchises of international brands, such as McDonald's and Pizza Hut, offered free meals to Israeli soldiers before the war on Gaza began. Local franchises of such brands are usually operating on a licence basis, where a local company adopts the menu, uniforms, and branding of the company to sell to a local market. submitted by /u/groovygyal [link] [comments]",Reddit,https://www.reddit.com/r/Palestine/comments/1kqf1tx/coop_board_votes_to_remove_all_israeli_products/,2025-05-19 15:47:37+00:00
Gaza Conflict,Do you think the world is getting more violent?,"Do you think that in the next few years the world will get more violent. I feel like the Ukrainian war, the Gaza genocide, the Pakistan India conflict and the emergence of Trump is the beginning of a much more wild period of history. With new wars starting and Trump being in power I feel like major events will happen in the next 1-2 decades. Either revolutions will happen in multiple countries or large scale wars will break out. I am probably overthinking and I usually don’t believe things like the end times are coming or that big things will change in the world order or bs like that. However I think that it is certainly a possibility that things will change. Also one thing I noticed that the “collective conscious” is preparing for some kind of a war (be it a war, civil war, ethnic war, culture war or class war). This is not something people consciously do but rather the effect of the world stage changing on the human psyche. The rise of extremism is also a symptom of this (extreme =/= radical). Maybe I’m overthinking and things have been the same for decades so I’m curious how others feel about this. submitted by /u/Transbi420 [link] [comments]",Reddit,https://www.reddit.com/r/Anarchy101/comments/1kp4x8e/do_you_think_the_world_is_getting_more_violent/,2025-05-17 22:20:52+00:00
Gaza Conflict,"Joint Statement Palestine. Frieden:«Today I joined the leaders of Iceland, Ireland, Malta, Norway, Slovenia and Spain to express our grave concern on the situation in Gaza. Whether in Gaza, Ukraine or in other conflicts, international law and the protection of civilians must be applied universally.»",submitted by /u/Ok-Law-3268 [link] [comments],Reddit,https://www.reddit.com/r/europe/comments/1ko9lcc/joint_statement_palestine_friedentoday_i_joined/,2025-05-16 19:29:35+00:00
Ukraine War,What if we're wrong?,"I've been having doubts lately about anarchism. While I'm sure there is a way too guard absolute freedom, how can we KEEP it and not just form into an Illegalist ""society""? The Black Army occupied parts of Ukraine in the Russian Civil War only did so well because of Makhno having some degree of power from what I've learned, and it seems that no matter how dogmatic a state could be in liberal values it can still fall to authoritarianism, one way or another. I know freedom is something non-negotiable and inherit with all living beings, but I feel like throughout history authoritarianism is something that's also inherit within us. If anarchism is just illegalism coated with rose, then what is anarchism if you keep some kind of order? Mob Justice is one thing, but do you truly think it's reliable? Don't you think there really does need to be a police? Don't you think that whatever brand of anarchism you're subscribed to is just not anarchism and is really just a reimagining of a state society? What I'm trying to say is: What if there really does need to be someone in charge with power? submitted by /u/Candid_Conference_51 [link] [comments]",Reddit,https://www.reddit.com/r/Anarchy101/comments/1kacrd2/what_if_were_wrong/,2025-04-29 01:56:45+00:00
Ukraine War,What are Gun rights like in an Anarchist society?,"I love guns I love discussing guns I love studying and analyzing guns On a historical, technological, and mechanical level I made a post some time ago about some general questions I had with anarchy, and among them was a question about how an anarchist society would defend itself People have seemed to say that we will be armed. Private citizens will have, to some degree, their own personal firearm for which to defend themselves with I have to ask, what are some more detailed thoughts on gun rights in an Anarchist society? I call back to two historical precedents 1. the founding fathers of America and the second amendment to the US Constitution It is as follows ""A well regulated militia, being necessary to the security of a free state, the right of the people to keep and to bear arms shall not be infringed"" If Anarchy seeks to create the most free state, surely we will have the freedom to ""keep and to bear"" or in more modern terms, to own and carry guns And 2. Nestor Ivonavitch Makhno and the black army of Ukraine during the Russian civil war Possibly the finest example I can think of for an anarchist movement defending itself What are your thoughts on the matter? submitted by /u/Vinyl-Ekkoz-725 [link] [comments]",Reddit,https://www.reddit.com/r/Anarchy101/comments/1k4mnq7/what_are_gun_rights_like_in_an_anarchist_society/,2025-04-21 19:44:24+00:00
Ukraine War,Putin declares brief ‘Easter truce’ in war with Ukraine,submitted by /u/CorleoneBaloney [link] [comments],Reddit,https://www.reddit.com/r/news/comments/1k2x87o/putin_declares_brief_easter_truce_in_war_with/,2025-04-19 14:15:27+00:00
Ukraine War,"Trump and Putin agree to partial ceasefire in Ukraine, but plan still needs Kyiv’s approval  Preside...","Trump and Putin agree to partial ceasefire in Ukraine, but plan still needs Kyiv’s approval  President Donald Trump and Russian President Vladimir Putin on Tuesday negotiated a partial ceasefire in the Ukraine war, making a deal in a lengthy call to end strikes on energy and infrastructure after more than three years of battle. The Kremlin said that Putin immediately ordered the military to cease strikes on Ukrainian energy sites. It was not immediately clear if Kyiv would accept the pared-down ceasefire offer. The leaders agreed to also immediately begin negotiations in the Middle East for a naval ceasefire in the Black Sea and an eventual full ceasefire deal, according to a summary of the call from the White House. The call was part of a high-stakes gambit by Trump early in his term to broker a peace deal. Trump also plans to sign more executive orders Tuesday.Read the full story here.",Telegram,https://t.mehttps://t.me/washingtonpost/3972,2025-03-18 18:08:59+00:00
Ukraine War,"Kremlin says Putin ‘cautiously optimistic’ on deal, needs to talk to Trump  Hours after President Do...","Kremlin says Putin ‘cautiously optimistic’ on deal, needs to talk to Trump  Hours after President Donald Trump’s Russia envoy, Steve Witkoff, flew out of Moscow, Kremlin spokesman Dmitry Peskov portrayed Russian President Vladimir Putin’s position as standing “in solidarity” with Trump, although the Russian leader had cast serious doubt on a U.S. 30-day ceasefire proposal to halt fighting in the Ukraine war.Peskov said Putin spelled out Moscow’s position to Witkoff, who left early Friday, on the ceasefire proposed by the United States and agreed to by Ukraine. Peskov said he expects a phone call between Trump and Putin in the near future.“The Russian side was provided with additional information. And also through Witkoff, Putin gave information and additional signals to President Trump,” Peskov said during his daily media conference call. “Certainly, there are reasons to feel this cautious optimism.” He added, however, that “a great deal” remains to be done.Read the full story here.",Telegram,https://t.mehttps://t.me/washingtonpost/3969,2025-03-14 15:17:29+00:00
Ukraine War,Russia makes gains against Ukraine in Kursk as Trump envoy arrives in Moscow  Ahead of talks with U....,"Russia makes gains against Ukraine in Kursk as Trump envoy arrives in Moscow  Ahead of talks with U.S. officials over a proposed 30-day ceasefire in the Ukraine war, Russian President Vladimir Putin sent a defiant military message when he made a rare appearance in a camouflage uniform to mark Russian advances against Ukrainian forces in the Kursk region of southern Russia.Ukraine’s seven-month-old occupation of a sliver of Russian territory in the Kursk region may be nearing an end as Gen. Valery Gerasimov, chief of staff of the Russian armed forces, said the operation to evict enemy forces was in its final stages.With the Russian Defense Ministry announcing Thursday the retaking of Sudzha — the largest town under Ukrainian control — Moscow looks set to strip Kyiv of a territorial bargaining chip that it has hoped to use in peace talks that are being brokered by the Trump administration.Read the full story here.",Telegram,https://t.mehttps://t.me/washingtonpost/3968,2025-03-13 11:11:01+00:00
Gaza Conflict,why I’m worried about an Azerbaijani invasion of Armenia and think you should be too,"originally posted to: https://danfrank.ca/why-im-worried-about-an-azerbaijani-invasion-of-armenia-and-think-you-should-be-too/ I’ve become increasingly concerned about the prospect of an Azerbaijani invasion of Armenia and here’s why I think you should be too. Before explaining why, I will try to provide a very simplified summary of the current situation, starting with the history: The History of Land Claims: The history of land claims between Azerbaijan and Armenia are quite complicated, so here is a very very short and simplified summary: Historically, Armenians and Azerbaijanis lived intertwined in the Caucasus. During the Russian Empire, policies shifted demographics, with Armenians settling in regions like Karabakh and present-day southern Armenia. After the empire's collapse in 1918, both newly independent Armenia and Azerbaijan claimed these territories, leading to war. Under Soviet rule, borders were formalized, placing Nagorno-Karabakh within Azerbaijan despite its Armenian majority. At the same time, there was an Azerbaijani exclave in Armenia called Nakhchivan. As the Soviet Union got weaker in 1988, Armenians in Nagorno-Karabakh voted to join Armenia. This caused significant violence between Armenians and Azerbaijanis. When the Soviet Union fell apart in 1991, Armenia tried to seize Nagorno-Karabakh (despite it being recognized as Azerbaijani territory). This led to the first war over Nagorno-Karabakh. Armenian forces won and took control of Nagorno-Karabakh and nearby Azerbaijani areas, forcing the remaining Azerbaijani people to leave their homes. Meanwhile, without the USSR, the Azerbaijani exclave in Armenia was now no longer accessible to them. Azerbaijan’s Revenge: Azerbaijan, flush with oil money, spent the next few decades simmering, stewing, and stockpiling weapons while Armenia remained geopolitically and economically isolated - and its main defence backer, Russia, distracted by Ukraine. Then, between 2020 and 2023, Azerbaijan, having gotten quite good at drone warfare, recaptured Nagorno-Karabakh, displacing over 100,000 Armenians. Since Nagorno-Karabakh was internationally recognized as Azerbaijani territory (even if it had been run by Armenians for decades), the world let it happen with a shrug. The reasoning went something like: “Technically this was Azerbaijan’s land, and the Armenians left voluntarily (if you define ‘voluntarily’ as ‘fleeing for their lives’), so this is fine.” The Hate Between Armenians and Azerbaijanis: Now, let’s pause here for a moment to talk about just how much Armenians and Azerbaijanis hate each other. If you think Israeli-Palestinian tensions are bad, or that India and Pakistan have a nasty rivalry, you’re still not ready for the level of visceral loathing that pervades this conflict. Exhibit A: Ramil Safarov, an Azerbaijani soldier who, during a NATO-sponsored peace program in Hungary, murdered an Armenian soldier in his sleep with an axe. Upon extradition to Azerbaijan, he was pardoned, promoted, and treated as a national hero. Armenia’s Terrible Geographic Position: Meanwhile, Armenia is in a comically terrible geographic position. To the west, Turkey—Azerbaijan’s bigger, stronger, angrier cousin, which still refuses to acknowledge the Armenian Genocide and keeps the border shut out of pure spite. To the east, Azerbaijan, which would rather Armenia not exist at all. To the north, Georgia—friendly but limited in how much it can help due to its own economic struggles and dependence on Russia. To the south, Iran, which is both sanctioned and mountainous, making trade difficult. Armenia’s strategic outlook is thus: bad. The Growing Threat: Which brings us to today. The Azerbaijani exclave of Nakhchivan remains inaccessible. But more ominously, Azerbaijan’s rhetoric about Armenia itself has gone from “Nagorno-Karabakh is rightfully ours” to “Armenia isn’t even a real country.” This is typically not a great sign for a nation’s continued existence. In Armenia last summer, it was more or less accepted that Azerbaijan would eventually invade southern Armenia and ethnically cleanse the area. The only question was when. Given how much stronger and richer Azerbaijan and Turkey are, and how weak Armenia’s position is - and how intensely Azerbaijan feels about this - the only thing stopping this is the global reaction to Azerbaijan doing so. At the time, I dismissed this threat as paranoia, understandable for Armenian people after what they’ve experienced, but not something realistically going to happen. The global norm against invasion and annexation is too strong. If Azerbaijan tried to do this, it would be invaded in return, sanctioned like North Korea, and made considerably worse off for even thinking about doing this. February 2025 - A Change in My Confidence: But now, in February 2025, my confidence in this norm is slipping. Several things have changed: Trump’s embrace of Russia’s claims on Ukraine has helped normalize the idea that borders are suggestions rather than rules. He has also floated the idea of the U.S. seizing parts of Palestinian land, further reinforcing the idea that territorial conquest is back on the menu. Most critically, prior to Trump, the US would be the strongest voice against this invasion, but with Trump, the US at best would be silent. The world is too busy to care. Between Ukraine, Gaza, Taiwan, and whatever else flares up next with Trump doing whatever he is doing, there simply isn’t enough global attention to go around. Azerbaijan taking a chunk of Armenia would be front-page news in quieter times. Now? It might not even break the top five crises of the week. Iran, Armenia’s one possible military backer, is in no shape to intervene. After suffering severe blows from Israel in 2024, Iran is unlikely to engage in a war with Azerbaijan. A War Filled Future: I find the prospect of this to be extremely concerning. To me, this is a harbinger of what may be ahead. Not because Armenia or Azerbaijan are so important, but because if Azerbaijan is successful in invading and annexing parts of sovereign Armenia, other nations will realize this is back on the table for them to do as well. If Azerbaijan moves on southern Armenia and the world lets it happen, this would mark a profound shift in how nations view territorial conquest. The precedent would be clear: if you’re strong enough, and the world is distracted enough, you can annex sovereign land without existential crisis. If that lesson sticks, expect others to take notes. Rwanda in Eastern Congo, Venezuela in Guyana, Russia eyeing more of Eastern Europe, Israel in the West Bank—once one country successfully annexes sovereign land, the floodgates open. The world doesn’t slide into chaos overnight; it does so in increments, each one normalized by the last. And Armenia, small, poor, and geopolitically expendable, may well be the test case that makes it all possible. submitted by /u/michaelmf [link] [comments]",Reddit,https://www.reddit.com/r/CredibleDefense/comments/1iubhxl/why_im_worried_about_an_azerbaijani_invasion_of/,2025-02-20 22:35:20+00:00
Ukraine War,Trump administration launches talks with Russia on Ukraine war  The Trump administration launched ta...,"Trump administration launches talks with Russia on Ukraine war  The Trump administration launched talks with Russia on Tuesday over the war in Ukraine, a turning point in Washington’s handling of Europe’s most destructive conflict in decades and a sign of the U.S. president’s willingness to sideline allies in his determination to impose a swift peace.The talks marked a departure from an earlier U.S. insistence that Ukraine must lead any negotiations. The meeting also is part of an approach that appears likely to deliver an agreement unfavorable to Kyiv.Rubio was joined at a cavernous Saudi palace by national security adviser Michael Waltz and Middle East envoy Steve Witkoff. The Saudi foreign minister, Prince Faisal bin Farhan al-Saud, and national security adviser, Musaad al-Aiban, joined the U.S. and Russian officials at a sprawling table to open the meeting but were expected to depart when the talks began in earnest.Read the full story here.",Telegram,https://t.mehttps://t.me/washingtonpost/3959,2025-02-18 12:24:02+00:00
Ukraine War,Top Russian and U.S. officials to meet in Riyadh over Ukraine war  Top U.S. and Russian officials wi...,"Top Russian and U.S. officials to meet in Riyadh over Ukraine war  Top U.S. and Russian officials will meet in Saudi Arabia Tuesday to discuss the war in Ukraine, officials said, as Washington and Moscow race to advance President Donald Trump’s bid to broker an end to the conflict and, potentially, conclude a long period of frigid relations.Foreign Minister Sergei Lavrov, who will lead Russia’s delegation for talks with Secretary of State Marco Rubio and other top American officials, said the time had come for the United States and Russia to put an “absolutely abnormal period” of estrangement behind them. “We want to listen to our partners,” Lavrov told reporters Monday in Moscow.Kremlin spokesman Dmitry Peskov said the talks in Saudi Arabia would lay the groundwork for a planned summit between Trump and President Vladimir Putin.Read the full story here.",Telegram,https://t.mehttps://t.me/washingtonpost/3957,2025-02-17 15:47:01+00:00
